Station_Id,Date,Hour,Julian_Date,Reference_ETo,QC_Reference_ETo,Precipitation,QC_Precipitation,Solar_Radiation,QC_Solar_Radiation,Vapor_Pressure,QC_Vapor_Pressure,Air_Temperature,QC_Air_Temperature,Relative_Humidity,QC_Relative_Humidity,Dew_Point,QC_Dew_Point,Wind_Speed,QC_Wind_Speed,Wind_Direction,QC_Wind_Direction,Soil_Temperature,QC_Soil_Temperature
103,1/1/2019,1,0.09, ,0, ,221, ,3.2,Y,63, ,29, ,47.7, ,88, ,12, ,29,Y,16.7,Y,4, ,96, ,45.3, 
103,1/2/2019,2,0.05, ,0, ,223, ,5.4, ,58.7, ,26.3, ,39.6, ,93, ,34, ,65, ,28.8, ,1.8, ,42.4, ,44.5, 
103,1/3/2019,3,0.04, ,0, ,178, ,6.1, ,58.6, ,28.2, ,39.3, ,96, ,41, ,75, ,32.1, ,1.5, ,36, ,44.1, 
103,1/4/2019,4,0.05, ,0, ,218, ,6.4, ,57.8, ,28.2, ,40.3, ,97, ,44, ,76, ,33.2, ,2, ,48.4, ,44.6, 
103,1/5/2019,5,0.01, ,0.43, ,51, ,9.9, ,55.3, ,38.1, ,47.8, ,97, ,74, ,87, ,44.2, ,4, ,94.8, ,46.8, 
103,1/6/2019,6,0, ,2.4, ,19, ,10.3, ,51.5, ,37.8, ,45.7, ,99, ,94, ,98, ,45.3, ,3.2, ,77, ,46.7, 
103,1/7/2019,7,0.02, ,0.01, ,97, ,10.1, ,53.7, ,35.8, ,46, ,99, ,84, ,96, ,44.8, ,1.7, ,41, ,47.1, 
103,1/8/2019,8,0, ,0.47, ,29, ,12.3, ,56.8, ,46.5, ,51.3, ,99, ,79, ,95, ,50, ,1.9, ,45.7, ,49.6, 
103,1/9/2019,9,0.03, ,0.53, ,120, ,13.3, ,61.5, ,48.9, ,55.3, ,97, ,78, ,89, ,52.1, ,4.2, ,100.7, ,53.1, 
103,1/10/2019,10,0.04, ,0, ,166, ,11.5, ,62.4, ,43.4, ,50.9, ,99, ,62, ,90, ,48.2, ,1.8, ,43.4, ,53, 
103,1/11/2019,11,0, ,0.37, ,48, ,11.6, ,54.2, ,42.1, ,49.4, ,99, ,82, ,96, ,48.5, ,1.7, ,40.5, ,51.2, 
103,1/12/2019,12,0.04, ,0, ,181, ,11.4, ,64.4, ,42.4, ,51.8, ,99, ,61, ,87, ,48.1, ,2, ,46.8, ,53.1, 
103,1/13/2019,13,0.04, ,0, ,173, ,9.6, ,63.8, ,38.1, ,48.4, ,99, ,54, ,83, ,43.4, ,2.1, ,49.8, ,50.9, 
103,1/14/2019,14,0.02, ,0.02, ,68, ,9.2, ,59, ,37.2, ,46.9, ,99, ,59, ,85, ,42.5, ,2.4, ,57, ,48.7, 
103,1/15/2019,15,0.01, ,0.59, ,54, ,11.2, ,53.9, ,43.6, ,49.9, ,99, ,82, ,92, ,47.6, ,2.3, ,54.1, ,50.3, 
103,1/16/2019,16,0, ,1.95, ,17, ,13.7, ,59.6, ,52.6, ,54.8, ,98, ,88, ,93, ,52.9, ,6.5,Y,155.1,Y,52.5, 
103,1/17/2019,17,0.02, ,0.1, ,96, ,11.5, ,57.6, ,45.2, ,52.4, ,98, ,74, ,86, ,48.3, ,3.9, ,93.7, ,52.8, 
103,1/18/2019,18,0.02, ,0.03, ,92, ,12.1, ,58.4, ,44.9, ,51.8, ,99, ,78, ,92, ,49.6, ,1.7, ,41.1, ,52.6, 
103,1/19/2019,19,0.02, ,0.06, ,90, ,14.1, ,60.4, ,51.5, ,54.9, ,99, ,86, ,96, ,53.6, ,1.6, ,39.6, ,55.1, 
103,1/20/2019,20,0.03, ,0.37, ,134, ,12.6, ,60.9, ,39.5, ,52.8, ,99, ,76, ,92, ,50.6, ,3.8, ,90.2, ,55.8, 
103,1/21/2019,21,0.07, ,0, ,255, ,8.2, ,61.1, ,34.3, ,46.6, ,99, ,48, ,76, ,39.3, ,3.3, ,78.3, ,51, 
103,1/22/2019,22,0.07, ,0, ,252, ,7.4, ,67.7, ,37.5, ,48.5, ,95, ,28, ,63, ,36.6, ,2.7, ,64.7, ,50, 
103,1/23/2019,23,0.06, ,0, ,258, ,8, ,65.7, ,32.7, ,46.7, ,98, ,39, ,73, ,38.7, ,1.6, ,38.1, ,49.9, 
103,1/24/2019,24,0.05,H,0, ,254, ,5.6, ,--,S,--,S,--,S,98,H,56,H,--,Q,--,Q,1.8, ,43.1, ,50.5, 
103,1/25/2019,25,0.06,H,0, ,267, ,6.4,H,68.6, ,--,S,22.6,R,99,H,51,H,--,R,--,I,1.6, ,39.4, ,50.5, 
103,1/26/2019,26,0.04, ,0, ,179, ,8.7, ,60.3, ,--,S,45, ,100, ,55, ,86, ,41, ,1.5, ,36.5, ,49.3, 
103,1/27/2019,27,0.06, ,0, ,237, ,10, ,67.9, ,39, ,51.4, ,98, ,46, ,77, ,44.6, ,1.8, ,44.2, ,51.6, 
103,1/28/2019,28,0.05, ,0, ,205, ,11.3, ,66.8, ,43.1, ,52.7, ,98, ,57, ,83, ,47.8, ,2.1, ,50.5, ,53.2, 
103,1/29/2019,29,0.03, ,0, ,157, ,12.3, ,64.2, ,45.4, ,52.4, ,99, ,71, ,92, ,50.1, ,2.1, ,49.2, ,53.9, 
103,1/30/2019,30,0.04, ,0.09, ,169, ,12.3, ,62.3, ,48.8, ,53.1, ,97, ,76, ,89, ,50, ,2, ,47.2, ,55.2, 
103,1/31/2019,31,0.04, ,0.01, ,182, ,12.7, ,63.1, ,46, ,52.9, ,99, ,72, ,93, ,50.8, ,2, ,49, ,55.1, 
103,2/1/2019,32,0.01, ,0.68, ,52, ,12, ,57, ,44.8, ,52.1, ,99, ,74, ,91, ,49.4, ,3, ,71.8, ,53.4, 
103,2/2/2019,33,0.04, ,0.65, ,175, ,11.5, ,59.7, ,50.3, ,52.9, ,94, ,71, ,84, ,48.2, ,5.1, ,121.4, ,54.9, 
103,2/3/2019,34,0.03, ,0.37, ,168, ,11.1, ,55.6, ,47.6, ,50.1, ,98, ,79, ,90, ,47.3, ,3.6, ,85.7, ,54.6, 
103,2/4/2019,35,0.04, ,0.49, ,190, ,8.4, ,50.6, ,36.2, ,44.5, ,96, ,61, ,84, ,39.9, ,3.6, ,85.7, ,53.2, 
103,2/5/2019,36,0.07, ,0, ,306, ,6.1, ,55, ,31.8, ,40.8, ,96, ,38, ,70, ,31.8, ,2.8, ,66.6, ,49.3, 
103,2/6/2019,37,0.08, ,0, ,304, ,6.3, ,58.2, ,28.8, ,41.4, ,97, ,40, ,71, ,32.9, ,2.8, ,66.2, ,47.4, 
103,2/7/2019,38,0.06, ,0, ,253, ,6.9, ,56.2, ,30.4, ,42.7, ,98, ,49, ,74, ,35.1, ,2.2, ,52.6, ,47.5, 
103,2/8/2019,39,0.01, ,0.37, ,75, ,8.3, ,50.7, ,38.1, ,44.1, ,95, ,60, ,85, ,39.8, ,2.4, ,58.8, ,48.2, 
103,2/9/2019,40,0.02, ,0.28, ,132, ,8.9, ,51, ,36.7, ,44.1, ,99, ,82, ,91, ,41.5, ,3, ,71.2, ,48.6, 
103,2/10/2019,41,0.07, ,0.01, ,275, ,6.5, ,54.4, ,31.4, ,41.6, ,95, ,43, ,73, ,33.7, ,2.7, ,65, ,48.6, 
103,2/11/2019,42,0.03, ,0.02, ,151, ,7.7, ,54.6, ,31.8, ,40.8, ,97, ,64, ,89, ,37.9, ,1.7, ,40.9, ,46.3, 
103,2/12/2019,43,0.01, ,0.35, ,69, ,8.3, ,50.3, ,38.2, ,43.1, ,99, ,63, ,88, ,39.8, ,1.9, ,45.6, ,46.6, 
103,2/13/2019,44,0, ,3.36, ,58, ,12.2, ,59, ,43.8, ,50.4, ,99, ,93, ,98, ,49.8, ,3.6, ,86.6, ,48.7, 
103,2/14/2019,45,0.04, ,0.98, ,180, ,11.6, ,59.3, ,44.6, ,52.6, ,95, ,65, ,86, ,48.6, ,5.5, ,132.5, ,52.9, 
103,2/15/2019,46,0.05, ,0.42, ,221, ,8.5, ,54.7, ,40.5, ,44.6, ,95, ,69, ,85, ,40.4, ,2.7, ,64.4, ,51.7, 
103,2/16/2019,47,0.05, ,0.25,H,230, ,8, ,53.6, ,36.7, ,43.7, ,99, ,58, ,83, ,38.7, ,2.9, ,68.6, ,51.3, 
103,2/17/2019,48,0.09, ,0.09,H,345, ,6.7, ,55.6, ,33.8, ,43.5, ,98, ,40, ,70, ,34.3, ,3.7, ,89.7, ,50.9, 
103,2/18/2019,49,0.1, ,0, ,360, ,5.2, ,60.6, ,27.5, ,43.5, ,95, ,24, ,54, ,28, ,3, ,72.3, ,48, 
103,2/19/2019,50,0.09, ,0, ,347, ,6.4, ,58.7, ,28.3, ,43.5, ,97, ,35, ,66, ,33, ,2.2, ,53.7, ,47.9, 
103,2/20/2019,51,0.1, ,0, ,321, ,6.9, ,57.9, ,38.9, ,47.3, ,86, ,40, ,62, ,34.9, ,5.2, ,124.5, ,49.6, 
103,2/21/2019,52,0.12, ,0, ,371, ,4.7, ,60.1, ,37.6, ,47.1, ,74, ,19, ,42, ,25.4, ,5.3, ,126.3, ,48.1, 
103,2/22/2019,53,0.1, ,0, ,373, ,4.8, ,60.2, ,26.9, ,42.7, ,89, ,21, ,51, ,26, ,2.4, ,57.6, ,47.1, 
103,2/23/2019,54,0.06, ,0, ,234, ,6.9, ,58.7, ,29.1, ,42.7, ,96, ,45, ,74, ,35.1, ,2, ,48.6, ,47.2, 
103,2/24/2019,55,0.02, ,0, ,123, ,9.4, ,54.2, ,41.1, ,47.6, ,95, ,72, ,84, ,43, ,2, ,47.9, ,49.3, 
103,2/25/2019,56,0, ,2.46, ,38, ,11.5, ,52.8, ,46.8, ,50.3, ,95, ,84, ,93, ,48.3, ,5.3, ,126.9, ,50.1, 
103,2/26/2019,57,0, ,3.56, ,24, ,12.9, ,54, ,51.5, ,52.7, ,97, ,93, ,95, ,51.4, ,6.6, ,158.2, ,51.8, 
103,2/27/2019,58,0.05, ,1.54, ,195, ,12, ,59.6, ,44.5, ,53.2, ,95, ,72, ,87, ,49.4, ,5, ,120.6, ,53.3, 
103,2/28/2019,59,0.09, ,0, ,358, ,8.2, ,59.5, ,36.7, ,47.2, ,98, ,44, ,74, ,39.3, ,2.5, ,60.9, ,53.2, 
103,3/1/2019,60,0.04, ,0, ,170, ,9, ,55.6, ,41.1, ,48.1, ,96, ,53, ,79, ,41.9, ,2, ,48.4, ,52.1, 
103,3/2/2019,61,0.02, ,0.48,H,125, ,12.4, ,57.8, ,48, ,52.8, ,98, ,75, ,91, ,50.2, ,2.6, ,63.1, ,53.7, 
103,3/3/2019,62,0.05, ,0.21,H,208, ,12.4, ,59.8, ,49.7, ,53.7, ,99, ,71, ,88, ,50.2, ,3.3, ,78.1, ,56.3, 
103,3/4/2019,63,0.06, ,0.1,H,241, ,10.5, ,60.2, ,47.6, ,52.1, ,95, ,56, ,79, ,45.9, ,2.4, ,57.2, ,56.2, 
103,3/5/2019,64,0.01, ,0.1,H,82, ,11.6, ,56.4, ,47.5, ,51, ,97, ,77, ,91, ,48.5, ,3.1, ,75.1, ,54.3, 
103,3/6/2019,65,0.05, ,0.2,H,214, ,12.5, ,58.1, ,49.4, ,53.4, ,97, ,72, ,90, ,50.6, ,4.5, ,108.8, ,56.3, 
103,3/7/2019,66,0.07, ,0.15,H,271, ,8.7, ,56.2, ,43.6, ,49.3, ,93, ,51, ,73, ,41, ,3, ,71.5, ,56.2, 
103,3/8/2019,67,0.09, ,0.09,H,339, ,6.7, ,59.8, ,33.5, ,45.8, ,91, ,42, ,64, ,34.3, ,3.2, ,77, ,53, 
103,3/9/2019,68,0.03, ,0.1,H,165, ,9.4, ,53.6, ,40.6, ,45.9, ,95, ,81, ,89, ,43, ,3.1, ,74, ,52, 
103,3/10/2019,69,0.06, ,0.11,H,234, ,9.2, ,60.9, ,39, ,48.1, ,96, ,52, ,80, ,42.3, ,2.4, ,58.3, ,53.9, 
103,3/11/2019,70,0.13,R,0.09, ,429, ,7.8, ,70.5, ,32.6, ,49.7, ,98, ,28, ,64, ,38.1, ,2.4, ,56.7, ,53.5, 
103,3/12/2019,71,0.14, ,0.06,H,413, ,7.3, ,61.9, ,37.3, ,49.9, ,94, ,37, ,60, ,36.5, ,6.1, ,147.2, ,53.7, 
103,3/13/2019,72,0.14, ,0.04, ,441, ,6.1, ,68.1, ,38, ,50.1, ,91, ,23, ,50, ,32, ,3.8, ,92.1, ,53.3, 
103,3/14/2019,73,0.14, ,0.01, ,444, ,7.3, ,71, ,34.3, ,51.2, ,95, ,21, ,57, ,36.5, ,2.7, ,64.1, ,53.9, 
103,3/15/2019,74,0.13, ,0, ,437, ,7.9, ,71.7, ,35.7, ,51.5, ,97, ,29, ,61, ,38.4, ,2.3, ,56.1, ,54.6, 
103,3/16/2019,75,0.14, ,0, ,437, ,8, ,73.9, ,34.6, ,52.4, ,96, ,26, ,60, ,38.9, ,2.4, ,56.9, ,55.3, 
103,3/17/2019,76,0.13, ,0, ,428, ,9.8, ,75.4, ,37.8, ,54.8, ,97, ,36, ,67, ,44, ,2.1, ,49.3, ,56.9, 
103,3/18/2019,77,0.14, ,0, ,435, ,10.7, ,76.4, ,40.6, ,56.6, ,96, ,37, ,68, ,46.4, ,3, ,70.8, ,58.1, 
103,3/19/2019,78,0.09,R,0, ,289, ,9.8, ,69.3, ,43.1, ,55.1, ,97, ,36, ,66, ,43.9, ,2.3, ,56.2, ,57.7, 
103,3/20/2019,79,0.08, ,0.43, ,296, ,11.1, ,60, ,40.3, ,52.1, ,96, ,59, ,83, ,47.2, ,3.8, ,90.8, ,57.5, 
103,3/21/2019,80,0.12, ,0, ,437, ,8.6, ,64.4, ,36, ,48.9, ,98, ,40, ,73, ,40.5, ,2.7, ,63.9, ,55.8, 
103,3/22/2019,81,0,R,1.08, ,67, ,11.6, ,53.9, ,40.4, ,49.8, ,97, ,90, ,95, ,48.6, ,2.1, ,50.2, ,54.2, 
103,3/23/2019,82,0.09, ,0.01, ,335, ,10.5, ,64, ,40.6, ,52.6, ,97, ,48, ,77, ,45.7, ,2.6, ,62.5, ,56.8, 
103,3/24/2019,83,0.11, ,0, ,362, ,9.3, ,64.5, ,37.5, ,51.3, ,98, ,43, ,72, ,42.8, ,2.8, ,67.7, ,55.4, 
103,3/25/2019,84,0.02, ,0.65, ,100, ,11.5, ,56.9, ,47.5, ,51.9, ,97, ,74, ,87, ,48.3, ,2.7, ,63.7, ,55.5, 
103,3/26/2019,85,0.11, ,0.22, ,380, ,10.5, ,63.7, ,45.8, ,53.5, ,97, ,49, ,75, ,45.9, ,2.7, ,64.4, ,58.1, 
103,3/27/2019,86,0.11, ,0.37, ,370, ,11.3, ,62.6, ,44.5, ,54.2, ,96, ,56, ,79, ,47.8, ,4.3, ,103.8, ,59.9, 
103,3/28/2019,87,0.02, ,0.63, ,134, ,11.1, ,56.1, ,45, ,49.8, ,97, ,78, ,91, ,47.3, ,2.3, ,55.1, ,55.8, 
103,3/29/2019,88,0.12, ,0, ,431, ,10.9, ,62.5, ,43.9, ,52.3, ,98, ,58, ,81, ,46.7, ,2.9, ,70.1, ,58.4, 
103,3/30/2019,89,0.15, ,0, ,490, ,9.3, ,71.3, ,38.1, ,53.9, ,97, ,32, ,66, ,42.7, ,2.5, ,59.5, ,58.8, 
103,3/31/2019,90,0.14, ,0, ,436, ,10.2, ,75.4, ,39.8, ,56.4, ,97, ,32, ,65, ,44.9, ,2.5, ,59.2, ,59.6, 
103,4/1/2019,91,0.07, ,0, ,248, ,11.5, ,66.9, ,48.8, ,56.8, ,96, ,41, ,73, ,48.1, ,2.4, ,58.7, ,60.1, 
103,4/2/2019,92,0.04, ,0.03, ,194, ,12.4, ,60.9, ,51.6,Y,54.9, ,91, ,70, ,84, ,50.2, ,2.7, ,64.9, ,59.7, 
103,4/3/2019,93,0.05, ,0, ,208, ,12.8, ,60.1, ,51.9,Y,55.1, ,95, ,71, ,87, ,51.2, ,2.2, ,53.7, ,59.8, 
103,4/4/2019,94,0.06, ,0.06, ,241, ,12.4, ,61.4, ,52.1,Y,55.8, ,95, ,64, ,82, ,50.2, ,3.1, ,75.2, ,60, 
103,4/5/2019,95,0.03, ,0.34, ,146, ,13.1, ,58.9, ,53.1,Y,54.9, ,96, ,72, ,89, ,51.7, ,3.1, ,74.8, ,59.4, 
103,4/6/2019,96,0.04, ,0.16, ,177, ,13.7, ,62.7, ,53.2,Y,56.8, ,97, ,73, ,87, ,52.9, ,3.1, ,74.3, ,60, 
103,4/7/2019,97,0.09, ,0.07, ,314, ,15.3,Y,73.1, ,56.2,Y,61, ,98, ,58, ,84,Y,56,Y,2.7, ,65.3, ,63.1,Y
103,4/8/2019,98,0.02, ,0.04, ,133, ,15.2,Y,62.8, ,50.4, ,57.8, ,99, ,86, ,93,Y,55.9,Y,2.8, ,67.6, ,62.3, 
103,4/9/2019,99,0.19, ,0, ,534, ,9, ,67.8, ,44.5, ,55.8, ,97, ,35, ,59, ,41.7, ,6.4, ,152.5, ,61.6,H
103,4/10/2019,100,0.2, ,0, ,535, ,8.4, ,73.4, ,46.7, ,58.9, ,65, ,32, ,50, ,40.1, ,5.9, ,141.6, ,61.9,H
103,4/11/2019,101,0.14, ,0, ,328, ,8.6, ,63.8, ,51.3, ,56.5, ,66, ,45, ,55, ,40.8, ,8.2,R,197.4,R,59.4, 
103,4/12/2019,102,0.2, ,0, ,540, ,9.7, ,78.4, ,49.5, ,61.8, ,74, ,28, ,51, ,43.6, ,5, ,119.8, ,61.7,H
103,4/13/2019,103,0.16, ,0, ,507, ,11.3, ,75, ,43.9, ,57.2, ,96, ,43, ,71, ,47.8, ,2.9, ,68.6, ,63,H
103,4/14/2019,104,0.16, ,0, ,495, ,9.8, ,70.4, ,42.8, ,55.7, ,98, ,33, ,65, ,44.1, ,3.6, ,86.2, ,62.9,H
103,4/15/2019,105,0.05, ,0.21, ,209, ,9.8, ,57.4, ,42, ,50.6, ,97, ,53, ,78, ,44.1, ,3.2, ,76.8, ,59.2, 
103,4/16/2019,106,0.17, ,0.01, ,534, ,10.8, ,71.7, ,43.2, ,56.9, ,97, ,42, ,68, ,46.6, ,3.3, ,79.7, ,62.2,H
103,4/17/2019,107,0.18, ,0, ,558, ,11, ,75, ,41.7, ,58, ,96, ,39, ,67, ,47, ,2.8, ,66.2, ,63.6,H
103,4/18/2019,108,0.19, ,0, ,556, ,12.8, ,82.1, ,44.1, ,62.2, ,97, ,43, ,67, ,51.1, ,2.6, ,61.9, ,65.4,Y
103,4/19/2019,109,0.14, ,0, ,449, ,12.9, ,78.6, ,47.6, ,58.3, ,95, ,48, ,78, ,51.3, ,3.1, ,74, ,65.4,Y
103,4/20/2019,110,0.2, ,0, ,584, ,10.9, ,70.2, ,51.4, ,58.9, ,96, ,38, ,64, ,46.8, ,5.5, ,130.9, ,66.4,Y
103,4/21/2019,111,0.2, ,0, ,580, ,10.8, ,75.5, ,47.8, ,60, ,93, ,36, ,61, ,46.6, ,4.1, ,98.4, ,65.4,H
103,4/22/2019,112,0.21, ,0, ,576, ,11.5, ,90.7,Y,44.2, ,65.2, ,96, ,18, ,54, ,48.2, ,2.7, ,65, ,66.7,Y
103,4/23/2019,113,0.22, ,0, ,573, ,14.2, ,94.9,Y,51.5, ,71.7,Y,92, ,23, ,53,Y,53.9,Y,2.4, ,57.7, ,69.7,Y
103,4/24/2019,114,0.21, ,0, ,576, ,14.9, ,87, ,51.3, ,67.4, ,96, ,38, ,65, ,55.3, ,2.6, ,63.4, ,71,R
103,4/25/2019,115,0.2,R,0, ,593, ,12.6, ,78.8, ,46.2, ,58.6, ,97, ,48, ,75, ,50.8, ,3.2, ,76.3, ,68.2,Y
103,4/26/2019,116,0.17, ,0, ,548, ,12.9, ,76.9, ,48.1, ,58.7, ,97, ,53, ,76, ,51.2, ,2.8, ,67.2, ,68.2,Y
103,4/27/2019,117,0.17, ,0, ,557, ,11.6, ,68.5, ,42.3, ,54.7, ,97, ,60, ,80, ,48.6, ,3.3, ,78.3, ,66.5,H
103,4/28/2019,118,0.13, ,0, ,443, ,11.7, ,69.4, ,48.5, ,54.9, ,91, ,60, ,79, ,48.6, ,3.3, ,79.7, ,65.6, 
103,4/29/2019,119,0.1, ,0, ,353, ,11.6, ,67.3, ,49.2, ,55, ,92, ,60, ,78, ,48.4, ,3.1, ,73.2, ,63.8, 
103,4/30/2019,120,0.18, ,0, ,605, ,11.1, ,68, ,45.7, ,56.4, ,95, ,51, ,71, ,47.2, ,3.3, ,79.9, ,65.3, 
103,5/1/2019,121,0.21, ,0, ,619, ,9.7, ,76.3, ,40.5, ,57.9, ,97, ,26, ,59, ,43.7, ,3, ,71.1, ,65, 
103,5/2/2019,122,0.2, ,0, ,628, ,9.1, ,76.9, ,37.7, ,56.6, ,97, ,21, ,58, ,42.2, ,2.7, ,64.8, ,64.5, 
103,5/3/2019,123,0.2, ,0, ,628, ,10.3, ,75.9, ,41.1, ,56.1, ,98, ,35, ,67, ,45.2, ,3.1, ,74, ,64.4, 
103,5/4/2019,124,0.16, ,0, ,549, ,10.8, ,69.4, ,45, ,53.5, ,95, ,51, ,77, ,46.5, ,3.5, ,84.1, ,64, 
103,5/5/2019,125,0.14, ,0, ,502, ,10.7, ,64.6, ,47, ,53.8, ,93, ,59, ,76, ,46.3, ,3.3, ,79.8, ,63.5, 
103,5/6/2019,126,0.05, ,0, ,217, ,11.5, ,60.7, ,48, ,54.2, ,89, ,70, ,80, ,48.3, ,2.9, ,68.6, ,62.1, 
103,5/7/2019,127,0.14, ,0, ,476, ,12.2, ,68.6, ,52, ,57.1, ,87, ,61, ,77, ,49.9, ,3.3, ,80.2, ,63.8, 
103,5/8/2019,128,0.09, ,0, ,358, ,12.9, ,66.1, ,51.6, ,56.4, ,91, ,67, ,83, ,51.3, ,3.2, ,76.4, ,63.4, 
103,5/9/2019,129,0.04, ,0, ,208, ,12.5, ,61.2, ,51.3, ,55.1, ,94, ,72, ,84, ,50.6, ,3.2, ,76.5, ,62.2, 
103,5/10/2019,130,0.21, ,0, ,650, ,12.4, ,83.1, ,51.8, ,60.5, ,95, ,20, ,69, ,50.3, ,4.3, ,103, ,65.6, 
103,5/11/2019,131,0.18, ,0, ,598, ,12.6, ,71.6, ,53, ,59.1, ,90, ,57, ,74, ,50.7, ,3.8, ,91.5, ,67.1, 
103,5/12/2019,132,0.2, ,0, ,625, ,12.9, ,74.1, ,47.8, ,60.4, ,90, ,54, ,72, ,51.3, ,3.3, ,79.4, ,68.5, 
103,5/13/2019,133,0.18, ,0, ,577, ,11.3, ,70.2, ,41.5, ,55.1, ,97, ,55, ,76, ,47.8, ,3.5, ,85, ,67, 
103,5/14/2019,134,0.06, ,0, ,253, ,11.7, ,64.9, ,45.6, ,55.7, ,96, ,60, ,77, ,48.6, ,2.6, ,62, ,64.4, 
103,5/15/2019,135,0, ,1.9, ,82, ,14, ,59.2, ,51.8, ,55.7, ,95, ,85, ,92, ,53.6, ,3.6, ,86.6, ,62.2, 
103,5/16/2019,136,0.07, ,0.39,H,297, ,11.9, ,57,Y,49.9, ,52.8, ,95, ,80, ,87, ,49, ,4.5, ,107.6, ,61.4, 
103,5/17/2019,137,0.16, ,0, ,531, ,10.7, ,67, ,46.8, ,55.9, ,90, ,53, ,70, ,46.4, ,3.4, ,82.6, ,63.5, 
103,5/18/2019,138,0, ,0.91, ,78, ,11.5, ,53,Y,45.1, ,49.9, ,96, ,89, ,94, ,48.2, ,1.8, ,42.9, ,60, 
103,5/19/2019,139,0.06, ,0.24, ,288, ,11.2, ,60.1, ,45.1, ,51.9, ,98, ,69, ,85, ,47.6, ,2, ,49, ,60.7, 
103,5/20/2019,140,0.15, ,0.04, ,514, ,11, ,66, ,44, ,53.7, ,98, ,49, ,78, ,47.2, ,3.7, ,87.7, ,62.7, 
103,5/21/2019,141,0.14, ,0.01, ,460, ,11.3, ,63.1, ,50.1, ,55.7, ,95, ,59, ,75, ,47.8, ,4.3, ,102.5, ,64.5, 
103,5/22/2019,142,0.21, ,0, ,631, ,11.4, ,77.8, ,44.3, ,62.6, ,95, ,39, ,59, ,48.1, ,3.8, ,90.4, ,67.3, 
103,5/23/2019,143,0.19, ,0, ,556, ,12.8, ,76.6, ,54.1, ,63.8, ,88, ,40, ,63, ,51.1, ,4.4, ,106.4, ,68.5, 
103,5/24/2019,144,0.11, ,0, ,407, ,13.2, ,68.6, ,52.2, ,57.9, ,92, ,64, ,80, ,51.9, ,3.1, ,74.9, ,66.6, 
103,5/25/2019,145,0.21, ,0, ,655, ,11.7, ,71.6, ,47.3, ,59.2, ,95, ,45, ,68, ,48.8, ,3.6, ,86, ,68.3, 
103,5/26/2019,146,0.07, ,0.11, ,255, ,10.3, ,63.1, ,47.3, ,54.8, ,95, ,58, ,70, ,45.2, ,3.4, ,82.4, ,64, 
103,5/27/2019,147,0.19, ,0, ,650, ,12, ,70.4, ,44.9, ,56.7, ,97, ,54, ,77, ,49.4, ,3.1, ,74, ,66.6, 
103,5/28/2019,148,0.21, ,0, ,652, ,13.1, ,74.8, ,46.5, ,59.6, ,97, ,55, ,75, ,51.7, ,3.2, ,77.6, ,68.9, 
103,5/29/2019,149,0.21, ,0, ,649, ,13.5, ,78.7, ,48.8, ,60.7, ,96, ,51, ,74, ,52.5, ,3.2, ,76.5, ,70.6,H
103,5/30/2019,150,0.19, ,0, ,615, ,13.1, ,73.1, ,48.3, ,58.3, ,98, ,56, ,79, ,51.8, ,3.2, ,78, ,70.2, 
103,5/31/2019,151,0.2, ,0, ,623, ,13.8, ,79.5, ,50, ,60.4, ,98, ,49, ,77, ,53.2, ,3.3, ,79.2, ,71.2,H
103,6/1/2019,152,0.2, ,0, ,643, ,13.6, ,77.1, ,50.3, ,58.6, ,98, ,57, ,81, ,52.7, ,3.9, ,93.2, ,72.2,H
103,6/2/2019,153,0.15, ,0, ,487, ,13, ,72.2, ,51.2, ,57.7, ,93, ,61, ,80, ,51.6, ,3.6, ,85.2, ,70.9, 
103,6/3/2019,154,0.19, ,0, ,592, ,14, ,78.8, ,50.1, ,60.9, ,95, ,55, ,77, ,53.6, ,3, ,71.5, ,72.1,H
103,6/4/2019,155,0.24, ,0, ,659, ,14.9, ,90.2, ,47, ,67.6, ,97, ,40, ,64, ,55.2, ,2.6, ,62.1, ,74.5,Y
103,6/5/2019,156,0.24, ,0, ,661, ,15.1, ,89.2, ,53.4, ,70.9, ,97, ,34, ,59, ,55.6, ,3.1, ,73.3, ,76.5,Y
103,6/6/2019,157,0.27, ,0, ,674, ,9.3, ,81.1, ,49.3, ,64.9, ,91, ,15, ,44, ,42.5, ,4.8, ,115.7, ,76,Y
103,6/7/2019,158,0.26, ,0, ,701, ,8.1,Y,80.2, ,52.7, ,65, ,59, ,22, ,38,Y,39.1,Y,5.2, ,123.7, ,75.1,Y
103,6/8/2019,159,0.29, ,0, ,692, ,7.8,Y,89.1, ,52.4, ,70.2, ,79, ,10, ,31,Y,38.1,Y,4.9, ,117, ,74.9,Y
103,6/9/2019,160,0.26, ,0, ,666, ,10.6, ,94, ,49.7, ,73, ,85, ,17, ,38, ,46.2, ,2.7, ,63.8, ,75.7,Y
103,6/10/2019,161,0.26, ,0, ,648, ,13, ,100.7,Y,57.2, ,78,Y,87, ,16, ,40,Y,51.5,Y,2.2, ,54, ,78.1,Y
103,6/11/2019,162,0.27, ,0, ,678, ,15.6, ,99, ,56.6, ,78.2,Y,92, ,17, ,47,Y,56.5,Y,2.3, ,54.2, ,79.7,R
103,6/12/2019,163,0.25, ,0, ,675, ,15.5, ,92.3, ,57.7, ,71.3, ,95, ,32, ,59, ,56.3, ,3.3, ,78.1, ,79,Y
103,6/13/2019,164,0.16, ,0, ,536, ,14.7, ,71.4, ,54.9, ,60.7, ,93, ,64, ,81, ,54.8, ,3.8, ,91.1, ,75.1, 
103,6/14/2019,165,0.18, ,0.04, ,589, ,13.9, ,74.7, ,52.3, ,59.8, ,94, ,59, ,79, ,53.4, ,3.8, ,90.1, ,73.3, 
103,6/15/2019,166,0.15, ,0, ,504, ,12.9, ,68, ,51.5, ,56.9, ,93, ,64, ,81, ,51.3, ,3.9, ,94.1, ,71.7, 
103,6/16/2019,167,0.17, ,0, ,561, ,13.3, ,74.9, ,51.6, ,58.6, ,93, ,59, ,79, ,52.2, ,3.4, ,81.4, ,71.9, 
103,6/17/2019,168,0.21, ,0, ,633, ,14.1, ,79.5, ,51.9, ,62.1, ,93, ,53, ,74, ,53.7, ,3.3, ,78, ,74.3,H
103,6/18/2019,169,0.22, ,0, ,665, ,14.3, ,76.9, ,50.8, ,62, ,95, ,54, ,75, ,54.1, ,3.8, ,90, ,75.4,H
103,6/19/2019,170,0.2, ,0, ,619, ,14.5, ,72.6, ,54.4, ,61.2, ,92, ,61, ,79, ,54.6, ,4.2, ,101.4, ,74.3, 
103,6/20/2019,171,0.2, ,0, ,632, ,13.4, ,72.4, ,51.5, ,61, ,93, ,56, ,73, ,52.4, ,3.5, ,84.6, ,74.1, 
103,6/21/2019,172,0.23, ,0, ,679, ,12.9, ,79.8, ,46.1, ,62.5, ,95, ,39, ,67, ,51.3, ,3, ,70.9, ,74.7,H
103,6/22/2019,173,0.27, ,0, ,683, ,11.9, ,93.1, ,47.3, ,69.1, ,96, ,18, ,49, ,49.2, ,3, ,72.6, ,75.9,H
103,6/23/2019,174,0.25, ,0, ,672, ,14.3, ,86.6, ,49.4, ,66.7, ,95, ,40, ,64, ,54.1, ,3.2, ,76.1, ,75.8,H
103,6/24/2019,175,0.22, ,0, ,659, ,14.3, ,81.2, ,48, ,63.8, ,96, ,48, ,71, ,54.2, ,3, ,71.9, ,76,H
103,6/25/2019,176,0.25, ,0, ,664, ,12.3, ,89.8, ,48.5, ,68.1, ,96, ,25, ,53, ,50, ,2.9, ,68.8, ,77,H
103,6/26/2019,177,0.23, ,0, ,679, ,12.1, ,73.5, ,49.2, ,62.2, ,89, ,48, ,64, ,49.7, ,4.2, ,101.4, ,76, 
103,6/27/2019,178,0.19, ,0, ,559, ,12.1, ,73.8, ,45.6, ,61.2, ,96, ,42, ,66, ,49.6, ,3.1, ,75.2, ,73.9, 
103,6/28/2019,179,0.24, ,0, ,677, ,12, ,81.5, ,47.4, ,64, ,94, ,29, ,59, ,49.4, ,2.9, ,69.7, ,74.2, 
103,6/29/2019,180,0.24, ,0, ,688, ,11.6, ,84.5, ,44.3, ,64.2, ,94, ,27, ,56, ,48.4, ,2.8, ,67.3, ,75.2, 
103,6/30/2019,181,0.24, ,0, ,681, ,12.5, ,80.9, ,46.5, ,62.8, ,94, ,37, ,64, ,50.6, ,3.1, ,75.1, ,76.1, 
103,7/1/2019,182,0.22, ,0, ,629, ,13.2, ,81.1, ,47.1, ,62.7, ,97, ,42, ,68, ,52, ,3.1, ,74.4, ,74.9, 
103,7/2/2019,183,0.25, ,0, ,664, ,12.1, ,83.9, ,46.5, ,67.2, ,95, ,35, ,53, ,49.5, ,3.3, ,79.1, ,76.3, 
103,7/3/2019,184,0.24, ,0, ,672, ,12.7, ,84.3, ,47.6, ,65.1, ,94, ,34, ,60, ,51, ,3, ,72.3, ,75.7, 
103,7/4/2019,185,0.23, ,0, ,665, ,13.2, ,83.2, ,47, ,63.1, ,97, ,39, ,67, ,52, ,3.1, ,74.9, ,74, 
103,7/5/2019,186,0.22, ,0, ,631, ,13.6, ,84.1, ,47.3, ,62.9, ,97, ,42, ,69, ,52.7, ,3.1, ,73.7, ,73.5, 
103,7/6/2019,187,0.24, ,0, ,648, ,12.9, ,85.8, ,46, ,65, ,96, ,37, ,61, ,51.3, ,2.8, ,66.2, ,73.8, 
103,7/7/2019,188,0.23, ,0, ,644, ,12.9, ,80.8, ,50, ,63.3, ,93, ,41, ,65, ,51.2, ,3.3, ,78.4, ,73.9, 
103,7/8/2019,189,0.21, ,0, ,636, ,13.4, ,76.7, ,49.8, ,61.6, ,95, ,51, ,72, ,52.4, ,3.5, ,84.5, ,74.5, 
103,7/9/2019,190,0.2, ,0, ,598, ,14.2, ,78.4, ,47.4, ,62.3, ,96, ,46, ,74, ,54, ,3.4, ,81, ,75, 
103,7/10/2019,191,0.22, ,0, ,628, ,16.6, ,82.1, ,57.7,Y,67.8, ,99, ,46, ,72, ,58.3, ,3.4, ,80.9, ,76.9, 
103,7/11/2019,192,0.24, ,0, ,660, ,15.6, ,88.3, ,51.6, ,67.4, ,96, ,39, ,68, ,56.5, ,3.2, ,75.9, ,77.2, 
103,7/12/2019,193,0.24, ,0, ,659, ,14.9, ,86.6, ,50.3, ,67.1, ,96, ,42, ,66, ,55.2, ,3, ,72.1, ,77.8,H
103,7/13/2019,194,0.23, ,0, ,652, ,14.6, ,87.6, ,51.2, ,66.9, ,98, ,40, ,65, ,54.7, ,3, ,71.6, ,77.7, 
103,7/14/2019,195,0.24, ,0, ,664, ,14, ,87.7, ,49.7, ,67.9, ,94, ,38, ,60, ,53.5, ,3.1, ,73.2, ,76.8, 
103,7/15/2019,196,0.27, ,0, ,658, ,13.7, ,94.6, ,52.9, ,73.9,Y,90, ,24, ,48,Y,52.9,Y,3.5, ,83.8, ,78.7,H
103,7/16/2019,197,0.27, ,0, ,655, ,12.6, ,90.8, ,54.8, ,71.5, ,91, ,19, ,48, ,50.7, ,3.9, ,94.3, ,79.2,H
103,7/17/2019,198,0.23, ,0, ,637, ,14.8, ,86.2, ,52.5, ,68.2, ,93, ,41, ,63, ,55, ,2.9, ,69.5, ,78.1, 
103,7/18/2019,199,0.22, ,0, ,635, ,14.6, ,79.3, ,53.6, ,64.1, ,90, ,48, ,71, ,54.6, ,3.7, ,87.8, ,76.8, 
103,7/19/2019,200,0.19, ,0, ,584, ,14.6, ,79.2, ,54.8, ,62.5, ,95, ,53, ,76, ,54.8, ,3.7, ,88.7, ,77.5, 
103,7/20/2019,201,0.15, ,0, ,467, ,14.4, ,73.9, ,53.9, ,61.8, ,93, ,58, ,77, ,54.4, ,3.5, ,84.2, ,75.2, 
103,7/21/2019,202,0.19, ,0, ,570, ,14.1, ,82.4, ,52.1, ,63.2, ,94, ,44, ,71, ,53.8, ,3.1, ,75.1, ,76.2, 
103,7/22/2019,203,0.23, ,0, ,642, ,14.2, ,86.8, ,49.6, ,66, ,94, ,39, ,65, ,53.9, ,3, ,71.6, ,78.1, 
103,7/23/2019,204,0.24, ,0, ,652, ,13.8, ,84.7, ,48.2, ,65.7, ,95, ,39, ,64, ,53.2, ,3, ,71.2, ,77.9, 
103,7/24/2019,205,0.25, ,0, ,662, ,12.5, ,94.1, ,47.9, ,69.5, ,95, ,18, ,51, ,50.4, ,2.6, ,62.6, ,77.6, 
103,7/25/2019,206,0.22, ,0, ,598, ,13.2, ,88.5, ,51.5, ,66.3, ,94, ,32, ,60, ,51.9, ,2.9, ,69.3, ,77.3, 
103,7/26/2019,207,0.21, ,0, ,611, ,14.2, ,84.9, ,52.6, ,63.3, ,95, ,40, ,71, ,53.8, ,3.2, ,76.3, ,77.3, 
103,7/27/2019,208,0.23, ,0, ,630, ,15.3, ,93.8, ,51.5, ,70.3, ,98, ,30, ,61, ,56, ,2.5, ,59.6, ,78.5, 
103,7/28/2019,209,0.24, ,0, ,640, ,15.4, ,92, ,54.2, ,70.6, ,95, ,35, ,60, ,56.1, ,2.8, ,67, ,78.8, 
103,7/29/2019,210,0.23, ,0, ,636, ,14.3, ,86.6, ,49.4, ,66.7, ,96, ,39, ,64, ,54.1, ,3, ,71.5, ,76.9, 
103,7/30/2019,211,0.21, ,0, ,608, ,13.5, ,81.1, ,49.5, ,62.8, ,97, ,44, ,69, ,52.5, ,3.2, ,76.1, ,75.8, 
103,7/31/2019,212,0.21, ,0, ,630, ,13.8, ,78.6, ,48.8, ,62.7, ,94, ,50, ,71, ,53.1, ,3, ,71.5, ,74.9, 
103,8/1/2019,213,0.2, ,0, ,572, ,15.2, ,81.4, ,53, ,64.9, ,98, ,47, ,73, ,55.9, ,3.1, ,73.4, ,75.8, 
103,8/2/2019,214,0.23, ,0, ,622, ,15.4, ,87.7, ,50.5, ,68.6, ,97, ,38, ,64, ,56.1, ,2.8, ,66.1, ,76, 
103,8/3/2019,215,0.23, ,0, ,627, ,15.1, ,91.8, ,50.5, ,68, ,96, ,31, ,65, ,55.6, ,2.9, ,70.1, ,76.3, 
103,8/4/2019,216,0.21, ,0, ,592, ,16, ,85.5, ,55.8, ,66.4, ,98, ,44, ,72, ,57.3, ,3.5, ,84.2, ,76.7, 
103,8/5/2019,217,0.17, ,0, ,501, ,15.4, ,83.1, ,53.5, ,64.8, ,98, ,49, ,73, ,56.1, ,2.7, ,65.4, ,75.2, 
103,8/6/2019,218,0.21, ,0, ,603, ,14.7, ,85.9, ,52.9, ,65.6, ,95, ,38, ,69, ,55, ,3, ,72.2, ,75.6, 
103,8/7/2019,219,0.21, ,0, ,603, ,14.1, ,82, ,48.4, ,63.4, ,97, ,44, ,71, ,53.7, ,3.1, ,73.3, ,74.2, 
103,8/8/2019,220,0.2, ,0, ,579, ,13.9, ,82.6, ,47.8, ,64.5, ,96, ,43, ,67, ,53.3, ,2.7, ,64.1, ,73.5, 
103,8/9/2019,221,0.18, ,0, ,490, ,14.4, ,80.5, ,54, ,66.3, ,91, ,40, ,65, ,54.3, ,3.2, ,76, ,73.5, 
103,8/10/2019,222,0.2, ,0, ,557, ,16, ,79.1, ,55.8, ,66.1, ,96, ,48, ,73, ,57.3, ,3.6, ,85.6, ,76.1, 
103,8/11/2019,223,0.22, ,0, ,588, ,14.3, ,89.2, ,55.2, ,70.1, ,99, ,30, ,57, ,54, ,2.7, ,65.1, ,78, 
103,8/12/2019,224,0.23, ,0, ,597, ,13.9, ,92.8, ,52.1, ,70.9, ,94, ,21, ,54, ,53.4, ,2.4,Y,58.6,Y,78.6, 
103,8/13/2019,225,0.23, ,0, ,589, ,13.7, ,94.9, ,51.9, ,72.6,Y,94, ,21, ,50,Y,53,Y,2.5,Y,59.9,Y,78.9, 
103,8/14/2019,226,0.24,R,0, ,585, ,14, ,99.2,Y,53.9, ,76,R,92, ,18, ,--,R,--,I,2.4,Y,58,Y,80.7,H
103,8/15/2019,227,0.23,R,0, ,581, ,15.5, ,99.4,Y,55.4, ,76,R,91, ,24, ,--,R,--,I,2.3,Y,56.2,Y,80.2,H
103,8/16/2019,228,0.22, ,0, ,573, ,15.1, ,93.5, ,56.1, ,70.8, ,91, ,30, ,58, ,55.5, ,2.8, ,68, ,78.2, 
103,8/17/2019,229,0.19, ,0, ,562, ,14.3, ,78.7, ,51.9, ,63.3, ,93, ,48, ,72, ,54.1, ,3.2, ,77.7, ,75.6, 
103,8/18/2019,230,0.15, ,0, ,452, ,14.7, ,77.1, ,56.7, ,62.9, ,90, ,55, ,75, ,54.9, ,3.2, ,77.6, ,74.9, 
103,8/19/2019,231,0.15, ,0, ,451, ,15.1, ,79.3, ,55.7, ,62.9, ,92, ,53, ,77, ,55.6, ,3.1, ,75.1, ,75.5, 
103,8/20/2019,232,0.15, ,0, ,448, ,15.5, ,80.8, ,55.7, ,64.7, ,94, ,48, ,74, ,56.3, ,2.9, ,68.9, ,76.4, 
103,8/21/2019,233,0.21, ,0, ,539, ,16, ,94.9, ,50.8, ,73.3,Y,95,H,26,H,57,Y,57.2,Y,3.7, ,87.6, ,77.7, 
103,8/22/2019,234,0.21,R,0, ,545, ,17.9,Y,93.1, ,58.9,Y,76.1,Y,93,H,33,H,58,Y,60.4,Y,2.8, ,67.7, ,81.9,H
103,8/23/2019,235,0.19, ,0, ,538, ,15.3, ,86.7, ,53.2, ,66.7, ,92, ,38, ,68, ,55.9, ,3, ,71.1, ,78.5, 
103,8/24/2019,236,0.19, ,0, ,538, ,15.2, ,84.4, ,56.2, ,66.9, ,92, ,37, ,67, ,55.8, ,3.2, ,76.6, ,78.9, 
103,8/25/2019,237,0.2, ,0, ,543, ,14.8, ,89.2, ,55.2, ,67.7, ,97, ,33, ,64, ,55, ,2.9, ,68.8, ,78, 
103,8/26/2019,238,0.2, ,0, ,534, ,14, ,90.8, ,50.5, ,67.6, ,94, ,31, ,61, ,53.5, ,2.9, ,68.7, ,75.9, 
103,8/27/2019,239,0.18, ,0, ,502, ,14.6, ,86.3, ,54.9, ,65.5, ,97, ,41, ,68, ,54.8, ,3.3, ,80.1, ,76.3, 
103,8/28/2019,240,0.16, ,0, ,487, ,16, ,76.3, ,56, ,64.8, ,92, ,57, ,77, ,57.3, ,3.3, ,80.1, ,76.9, 
103,8/29/2019,241,0.17, ,0, ,504, ,15.9, ,80.4, ,54.6, ,66.5, ,97, ,49, ,72, ,57.1, ,2.7, ,65, ,77, 
103,8/30/2019,242,0.18, ,0, ,521, ,15.1, ,87, ,49.2, ,67.1, ,96, ,39, ,66, ,55.6, ,2.4, ,56.4, ,76.3, 
103,8/31/2019,243,0.19,R,0, ,519, ,15, ,92.7, ,51.2, ,69.8, ,95, ,31, ,60, ,55.4, ,2.2, ,52.5, ,76.4, 
103,9/1/2019,244,0.2, ,0, ,518, ,14.9, ,94.4, ,51.5, ,70.6, ,94, ,26, ,58, ,55.3, ,2.3, ,56.4, ,76.4, 
103,9/2/2019,245,0.19, ,0, ,511, ,14.3, ,86.1, ,52.6, ,66.3, ,94, ,35, ,65, ,54.1, ,2.8, ,67.6, ,75.6, 
103,9/3/2019,246,0.18, ,0, ,498, ,14.3, ,88.8, ,48.8, ,65.1, ,98, ,33, ,67, ,54.1, ,2.5, ,60.6, ,75, 
103,9/4/2019,247,0.18, ,0, ,482, ,13.7, ,89.3, ,48.4, ,65.6, ,96, ,29, ,64, ,53, ,2.7, ,65.2, ,74.6, 
103,9/5/2019,248,0.16, ,0, ,464, ,15, ,82, ,55.5, ,63.9, ,95, ,45, ,74, ,55.4, ,3.1, ,75.5, ,75.4, 
103,9/6/2019,249,0.18, ,0, ,516, ,15.1, ,82.2, ,55.5, ,64.8, ,97, ,41, ,72, ,55.6, ,2.9, ,70.5, ,76.1, 
103,9/7/2019,250,0.13, ,0, ,375, ,14.6, ,79.5, ,54.3, ,63.1, ,99, ,47, ,74, ,54.8, ,3.3, ,79.6, ,74.8, 
103,9/8/2019,251,0.19, ,0, ,496, ,12.9, ,86.7, ,49.9, ,68.1, ,93, ,27, ,55, ,51.3, ,4, ,97, ,74.3, 
103,9/9/2019,252,0.2, ,0, ,497, ,12.5, ,84.5, ,51.1, ,67.5, ,89, ,32, ,54, ,50.4, ,4.2, ,101.8, ,74.7, 
103,9/10/2019,253,0.19, ,0, ,485, ,12, ,85.5, ,47, ,66.6, ,92, ,29, ,54, ,49.4, ,3.4, ,82.1, ,74.6, 
103,9/11/2019,254,0.18, ,0, ,481, ,12.9, ,86.5, ,48.5, ,66.8, ,93, ,31, ,58, ,51.3, ,2.5, ,59.8, ,75.5, 
103,9/12/2019,255,0.19, ,0, ,482, ,12.3, ,97.3, ,48.9, ,70.9, ,93, ,19, ,48, ,50.1, ,2.2, ,53, ,75.3, 
103,9/13/2019,256,0.19, ,0, ,479, ,11.9, ,102.1,Y,52, ,72.1,Y,93, ,15, ,44,Y,49.2,Y,2.1, ,49.7, ,74.8, 
103,9/14/2019,257,0.18, ,0, ,488, ,12.2, ,92.7, ,47.9, ,66.5, ,94, ,20, ,55, ,49.7, ,2.4, ,56.7, ,74, 
103,9/15/2019,258,0.15, ,0, ,459, ,14.6, ,82.2, ,47, ,64.4, ,97, ,39, ,71, ,54.6, ,3.2, ,76.8, ,73.8, 
103,9/16/2019,259,0.12, ,0.07, ,356, ,14.2, ,77, ,53.7, ,64.9, ,94, ,41, ,68, ,54, ,3.5, ,83.3, ,72.6, 
103,9/17/2019,260,0.16, ,0.02, ,460, ,12, ,80.4, ,45, ,62, ,95, ,32, ,63, ,49.3, ,2.5, ,59.3, ,70.3, 
103,9/18/2019,261,0.1, ,0.02, ,323, ,14.9, ,77.7, ,53.5, ,64.1, ,95, ,42, ,73, ,55.3, ,2.8, ,66.4, ,71.2, 
103,9/19/2019,262,0.15, ,0, ,453, ,11.8, ,81.8, ,46, ,62.3, ,95, ,31, ,61, ,48.9, ,2.4, ,58.1, ,69.9, 
103,9/20/2019,263,0.16, ,0, ,446, ,11.5, ,86.4, ,48.1, ,65.4, ,94, ,24, ,54, ,48.3, ,2.5, ,60.4, ,71, 
103,9/21/2019,264,0.17, ,0, ,446, ,11.3, ,91.9, ,47.5, ,67.3, ,93, ,18, ,50, ,47.8, ,2.5, ,60.3, ,72, 
103,9/22/2019,265,0.14, ,0, ,386, ,12.7, ,85.8, ,46.8, ,65.7, ,94, ,32, ,59, ,50.9, ,2.4, ,58, ,70.9, 
103,9/23/2019,266,0.17, ,0, ,440, ,11.6, ,93.9, ,48.5, ,68.7, ,95, ,15, ,49, ,48.5, ,2.4, ,57.9, ,72.2, 
103,9/24/2019,267,0.19, ,0, ,435, ,10.9, ,102.8,Y,55.1, ,75.3,R,76, ,13, ,--,R,--,I,2.8, ,68.3, ,74.4, 
103,9/25/2019,268,0.18, ,0, ,426, ,13.9, ,105.5,Y,55.7, ,76,R,82, ,19, ,--,R,--,I,2.5, ,59.2, ,76.3,H
103,9/26/2019,269,0.1, ,0, ,292, ,15.9, ,73.6, ,56.5,Y,65.1, ,87, ,60, ,75, ,57, ,3.5, ,85, ,72.8, 
103,9/27/2019,270,0.09, ,0, ,304, ,14.7, ,69.3, ,54.6, ,61.5, ,89, ,66, ,79, ,54.8, ,4.1, ,98.1, ,71.8, 
103,9/28/2019,271,0.16, ,0, ,401, ,8.8, ,71.6, ,42.9, ,58.3, ,95, ,28, ,53, ,41.3, ,5.3,Y,128.4,Y,68.7, 
103,9/29/2019,272,0.11, ,0, ,337, ,8.9, ,70.7, ,39.8, ,55, ,93, ,37, ,60, ,41.5, ,3.1, ,74.4, ,66.4, 
103,9/30/2019,273,0.11, ,0, ,364, ,8.4, ,70.5, ,36.8, ,51.6,Y,96, ,29, ,65,Y,40.1,Y,2.3, ,56.1, ,65.2, 
103,10/1/2019,274,0.13, ,0, ,396, ,8.1, ,76, ,36.1, ,53.5, ,94, ,25, ,58, ,38.9, ,2.3, ,56.3, ,64.6, 
103,10/2/2019,275,0.14, ,0, ,396, ,7.5, ,77.4, ,36.5, ,54.8, ,94, ,18, ,51, ,37, ,2.2, ,53.9, ,64.6, 
103,10/3/2019,276,0.14, ,0, ,388, ,8, ,77.8, ,36, ,56.3, ,94, ,23, ,52, ,38.7, ,3.1, ,74.7, ,64.6, 
103,10/4/2019,277,0.14, ,0, ,393, ,7.9, ,80.1, ,38.7, ,59.3, ,85, ,19, ,46, ,38.5, ,2.7, ,65.1, ,65.8, 
103,10/5/2019,278,0.14, ,0, ,385, ,8.3, ,87.4, ,39.7, ,60.2, ,92, ,15, ,47, ,39.6, ,2, ,47.8, ,66.4, 
103,10/6/2019,279,0.14, ,0, ,380, ,8.6, ,93.1, ,41.9, ,62.9, ,90, ,15, ,44, ,40.5, ,1.8, ,42.8, ,66.9, 
103,10/7/2019,280,0.15, ,0, ,379, ,8.7, ,91.7, ,45.1, ,65, ,84, ,14, ,41, ,40.8, ,2, ,48.1, ,68.5, 
103,10/8/2019,281,0.12, ,0, ,333, ,10, ,85, ,41.4, ,60.8, ,92, ,24, ,55, ,44.5, ,2, ,49.1, ,66.8, 
103,10/9/2019,282,0.16, ,0, ,388, ,5.6,Y,81.6, ,46.7, ,61.8, ,90, ,5, ,30,Y,30,Y,3.9, ,93.4, ,64.3, 
103,10/10/2019,283,0.16, ,0, ,387, ,3.8,Y,85.5, ,38.3, ,61.9, ,69, ,6, ,20,Y,20.5,Y,3.1, ,73.2, ,61.8, 
103,10/11/2019,284,0.13, ,0, ,365, ,5.7,Y,82, ,33.3, ,54.3, ,83, ,15, ,40,Y,30.4,Y,1.8, ,44, ,60.3, 
103,10/12/2019,285,0.13,R,0, ,358, ,6.1,Y,81.8, ,35.1, ,55.9, ,83, ,12, ,40,Y,31.8,Y,1.8, ,43.5, ,60.6, 
103,10/13/2019,286,0.12,R,0, ,363, ,7.1, ,77.8, ,33.4, ,52.9, ,94, ,16, ,52, ,35.6, ,2, ,47.4, ,60.3, 
103,10/14/2019,287,0.11, ,0, ,369, ,9.5, ,76, ,40.2, ,52.7, ,97, ,33, ,70, ,43.2, ,2.3, ,55.2, ,63.1, 
103,10/15/2019,288,0.1, ,0, ,331, ,9.6, ,76.7, ,39.1, ,52.8, ,98, ,26, ,70, ,43.5, ,2.3, ,55.4, ,63.1, 
103,10/16/2019,289,0.09, ,0, ,291, ,10.1, ,72, ,35.3, ,53.5, ,97, ,37, ,72, ,44.7, ,2.2, ,52.1, ,61.1, 
103,10/17/2019,290,0.13, ,0, ,351, ,10, ,71.6, ,45.1, ,59.3, ,95, ,32, ,58, ,44.7, ,4.2, ,100.8, ,64.2, 
103,10/18/2019,291,0.09, ,0, ,310, ,10.7, ,74.4, ,42.6, ,55.8, ,93, ,46, ,70, ,46.3, ,2.1, ,50, ,64.6, 
103,10/19/2019,292,0.04, ,0.02, ,184, ,12, ,69.8, ,40.5, ,52.6, ,96, ,64, ,89, ,49.4, ,1.7, ,40.3, ,61.8, 
103,10/20/2019,293,0.12, ,0, ,331, ,9.9, ,80.9, ,39.1, ,58, ,97, ,27, ,60, ,44.2, ,2.4, ,58.6, ,64.7, 
103,10/21/2019,294,0.13,R,0, ,343, ,10.4, ,93.9, ,43.4, ,65.5, ,94, ,20, ,48, ,45.5, ,2.5, ,60.7, ,67.9,H
103,10/22/2019,295,0.12,R,0, ,337, ,10.4, ,94.2, ,44.3, ,64.7, ,92, ,18, ,50, ,45.6, ,1.7, ,41.7, ,69.8,H
103,10/23/2019,296,0.14, ,0.01, ,334, ,7.7, ,91.5, ,45.6, ,69.6,R,91,H,12,H,--,R,--,I,3.6, ,86.9, ,69,H
103,10/24/2019,297,0.13,R,0, ,326, ,6.2, ,94.2,Y,49.3, ,--,S,68,H,10,H,--,Q,--,Q,2.6, ,63, ,69.7,H
103,10/25/2019,298,0.11, ,0, ,305, ,7.8, ,91.7, ,43.7, ,63.1, ,76, ,14, ,40, ,38.1, ,1.8, ,42.1, ,66.8,H
103,10/26/2019,299,0.09, ,0, ,293, ,8.9, ,83.5, ,39.2, ,57.6, ,91, ,21, ,55, ,41.6, ,1.7, ,41.6, ,64.5,H
103,10/27/2019,300,0.15, ,0, ,139, ,2.8,Y,67.6, ,42.6, ,61.4, ,83, ,9, ,15,Y,13.4,Y,7.9,R,190.5,R,59.8, 
103,10/28/2019,301,0.09, ,0, ,292, ,3.9,Y,71.7, ,31.1, ,48.4, ,71, ,11, ,34,Y,21.3,Y,2.1, ,49.9, ,57.8, 
103,10/29/2019,302,0.11, ,0, ,295, ,3.7,Y,75.7, ,30.4, ,52, ,83, ,7, ,28,Y,20.1,Y,3, ,72.3, ,57.4, 
103,10/30/2019,303,0.1, ,0, ,317, ,3.8,Y,74.6, ,28,Y,47.6, ,67, ,10, ,34,Y,20.5,Y,2, ,47, ,57.1, 
103,10/31/2019,304,0.1, ,0, ,311, ,4.3,Y,79.8, ,31.6, ,50, ,70, ,11, ,35,Y,23.4,Y,1.8, ,42.7, ,57.4, 
103,11/1/2019,305,0.09, ,0, ,309, ,5.1,Y,77.1, ,27.9, ,48.9, ,87, ,13, ,43,Y,27.4,Y,1.6, ,38.4, ,58, 
103,11/2/2019,306,0.09, ,0, ,304, ,5.6, ,80.3, ,30.9, ,51.5, ,85, ,13, ,43, ,30, ,1.5, ,35, ,60, 
103,11/3/2019,307,0.1, ,0, ,299, ,6, ,81.7, ,32.5, ,53.3, ,89, ,14, ,43, ,31.6, ,1.7, ,40.9, ,62.4,H
103,11/4/2019,308,0.09, ,0, ,291, ,7.3, ,78.9, ,32.4, ,52.4, ,91, ,22, ,55, ,36.6, ,1.7, ,40.3, ,63.4,H
103,11/5/2019,309,0.09, ,0, ,291, ,8.3, ,79.8, ,33.4, ,52.9, ,95, ,25, ,60, ,39.6, ,1.8, ,42.8, ,63.7,H
103,11/6/2019,310,0.06, ,0, ,245, ,10.5, ,72.5, ,40.4, ,52, ,99, ,42, ,79, ,45.8, ,2, ,48.4, ,65.5,H
103,11/7/2019,311,0.06, ,0.01, ,247, ,10.9, ,73.4, ,43.2, ,51.4, ,99, ,42, ,85, ,46.8, ,2.6, ,61.9, ,68.3,Y
103,11/8/2019,312,0.07, ,0, ,255, ,10.8, ,71.3, ,42.9, ,52.3, ,99, ,43, ,81, ,46.6, ,2.3, ,54, ,70.8,R
103,11/9/2019,313,0.07, ,0.01, ,253, ,10.4, ,75.7, ,41.8, ,52.1, ,99, ,38, ,78, ,45.5, ,2, ,49, ,72,R
103,11/10/2019,314,0.07, ,0, ,248, ,10.5, ,76, ,42.3, ,53.7, ,99, ,33, ,75, ,45.8, ,1.9, ,45.9, ,--,S
103,11/11/2019,315,0.08, ,0, ,248, ,9.4, ,80.2, ,37.4, ,55.3, ,99, ,29, ,63, ,42.8, ,1.6, ,39.3, ,--,S
103,11/12/2019,316,0.07, ,0, ,233, ,10, ,82.8,Y,38.9, ,56, ,97, ,30, ,65, ,44.5, ,1.4, ,34.4, ,--,S
103,11/13/2019,317,0.05, ,0, ,203, ,10.7, ,71.5, ,40.5, ,52.8, ,97, ,43, ,79, ,46.3, ,2.1, ,51.2, ,65.2,Y
103,11/14/2019,318,0.02, ,0, ,99, ,11.9, ,61.4, ,41.7, ,53.2, ,97, ,69, ,86, ,49, ,1.7, ,41, ,65.8,Y
103,11/15/2019,319,0.07, ,0, ,240, ,12.3, ,74.8, ,42.2, ,55.4, ,99, ,49, ,82, ,50, ,2, ,48.3, ,67.9,Y
103,11/16/2019,320,0.06, ,0.01, ,226, ,11.4, ,74.3, ,42.2, ,53.9, ,99, ,47, ,80, ,48, ,1.5, ,35.3, ,68.8,R
103,11/17/2019,321,0.07, ,0, ,256, ,9.9, ,80.7,Y,38.5, ,54.6, ,99, ,33, ,68, ,44.2, ,1.5, ,36, ,64.7,Y
103,11/18/2019,322,0.08, ,0, ,256, ,10.2, ,81.1,Y,40.3, ,56.8, ,96, ,31, ,65, ,45, ,1.7, ,40.3, ,65.6,Y
103,11/19/2019,323,0.09, ,0, ,249, ,9.6, ,68.9, ,39.7, ,55.5, ,98, ,40, ,63, ,43.3, ,5.5,Y,132,Y,64,Y
103,11/20/2019,324,0.12, ,0, ,245, ,6.5, ,71.4, ,42.7, ,58.6, ,62, ,19, ,38, ,33.4, ,6,Y,143.3,Y,61.1,H
103,11/21/2019,325,0.07, ,0, ,241, ,7.3, ,68.3, ,32.1, ,49, ,93, ,30, ,62, ,36.4, ,2.1, ,50.1, ,57.3,H
103,11/22/2019,326,0.06, ,0, ,235, ,8.2, ,70.1, ,34.9, ,48.2, ,95, ,39, ,71, ,39.3, ,1.9, ,45.7, ,57.1,H
103,11/23/2019,327,0.07, ,0, ,240, ,7.8, ,74.9, ,33.4, ,49.1, ,96, ,28, ,66, ,38.2, ,1.6, ,39.1, ,57.4,H
103,11/24/2019,328,0.06, ,0, ,235, ,7.3, ,72.6, ,30.7, ,47.8, ,94, ,31, ,64, ,36.3, ,1.7, ,40.5, ,56.4, 
103,11/25/2019,329,0.1, ,0, ,244, ,5.4, ,66.5, ,31.1, ,50.8, ,96, ,18, ,43, ,29, ,5.5,Y,131.3,Y,55.3, 
103,11/26/2019,330,0.01, ,0.91, ,52, ,7.4, ,47.9,Y,32.1, ,44, ,96, ,53, ,76, ,36.8, ,3.1, ,74.2, ,50.2, 
103,11/27/2019,331,0.03, ,0.07, ,165, ,7.7, ,52.3, ,30.7, ,41.7, ,98, ,59, ,86, ,37.7, ,2.3, ,54.3, ,49.9, 
103,11/28/2019,332,0.04, ,0, ,199, ,6.5, ,55.6, ,29.1, ,39.4, ,99, ,44, ,80, ,33.7, ,2.6, ,63.6, ,48.1, 
103,11/29/2019,333,0.04, ,0.01, ,207, ,6.2, ,55.1, ,24.6, ,36.4,Y,98, ,52, ,85,Y,32.3,Y,1.8, ,42.5, ,46.3, 
103,11/30/2019,334,0, ,1.23, ,37, ,8.4, ,47.4,Y,29.6, ,40.7, ,99, ,86, ,98, ,40.1, ,1.6, ,39.4, ,45.7, 
103,12/1/2019,335,0, ,3.61, ,25, ,12.7, ,53.2, ,47.3, ,51.2, ,99, ,98, ,99, ,50.9, ,2, ,46.9, ,52.1, 
103,12/2/2019,336,0.01, ,0.54, ,50, ,13.4, ,57.8, ,51.4, ,53.9, ,99, ,85, ,94, ,52.4, ,1.8, ,42.4, ,56.9, 
103,12/3/2019,337,0.01, ,0.12, ,79, ,13.5, ,57.7, ,50.2, ,53.3, ,99, ,88, ,97, ,52.5, ,1.6, ,39, ,57.7, 
103,12/4/2019,338,0, ,0.31, ,36, ,13.1, ,54.6, ,49.9, ,52.1, ,99, ,96, ,99, ,51.8, ,1.5, ,37, ,56.2, 
103,12/5/2019,339,0.01, ,0, ,73, ,13.3, ,59, ,51.2, ,54.8, ,99, ,78, ,91, ,52.2, ,1.9, ,46.4, ,58.2, 
103,12/6/2019,340,0.02, ,1.19, ,71, ,13.6, ,64.3, ,50.2, ,55.6, ,99, ,60, ,90, ,52.7, ,3.9, ,92.5, ,58.7, 
103,12/7/2019,341,0.01, ,1.12, ,43, ,14.8, ,59.2, ,53.8, ,56.9, ,98, ,89, ,93, ,55, ,5.1, ,121.4, ,61, 
103,12/8/2019,342,0.04, ,0.01, ,171, ,12.7, ,67.7, ,44.8, ,54.2, ,99, ,56, ,88, ,50.8, ,1.7, ,40.9, ,60.7, 
103,12/9/2019,343,0.01, ,0, ,62, ,11.1, ,52.8, ,41.2, ,48.4, ,99, ,88, ,95, ,47.2, ,1.7, ,42, ,55.5, 
103,12/10/2019,344,0.02, ,0.32, ,83, ,11.4, ,56.8, ,48.4, ,51.2, ,98, ,72, ,89, ,48, ,1.9, ,45.5, ,56.5, 
103,12/11/2019,345,0, ,0.51, ,37, ,13.5, ,55.2, ,49.9, ,52.9, ,99, ,98, ,99, ,52.6, ,1.5, ,36.7, ,56.8, 
103,12/12/2019,346,0.03,H,0.04,R,171,H,14.5,H,66.2, ,53.3, ,57.5,H,99,H,68,H,90, ,54.6, ,1.6,H,39.1,H,63.5,Y
103,12/13/2019,347,0.01, ,0.11, ,48, ,13.7, ,56.2, ,47.8, ,53.9, ,99, ,88, ,97, ,52.9, ,1.9, ,45.9, ,59.9, 
103,12/14/2019,348,0.05, ,0, ,189, ,9.4, ,60.1, ,39.8, ,48.5, ,99, ,52, ,81, ,43, ,2.6, ,61.9, ,55.5, 
103,12/15/2019,349,0.05, ,0, ,210, ,7.9, ,58.4, ,33, ,43.8, ,99, ,52, ,81, ,38.5, ,2.4, ,56.6, ,50.7, 
103,12/16/2019,350,0.05, ,0, ,213, ,7.4, ,64.3, ,31.6, ,42.6, ,99, ,43, ,80, ,36.7, ,1.5, ,36.6, ,49.2, 
103,12/17/2019,351,0.03, ,0, ,135, ,7.6, ,59, ,33.3, ,43.8, ,99, ,40, ,79, ,37.5, ,1.9, ,44.5, ,48.1, 
103,12/18/2019,352,0.01, ,0.71, ,63, ,11.1, ,52.5, ,43.7, ,49.5, ,99, ,65, ,92, ,47.3, ,2.7, ,65.7, ,51.2, 
103,12/19/2019,353,0, ,0.12, ,52, ,12.8, ,54.2, ,48.7, ,51.4, ,99, ,95, ,99, ,51.1, ,1.3, ,32.1, ,54.8, 
103,12/20/2019,354,0.03, ,0, ,138, ,12.2, ,58.2, ,44.3, ,51.6, ,99, ,77, ,94, ,49.8, ,1.7, ,40.4, ,57.3, 
103,12/21/2019,355,0.02, ,0, ,99, ,9.6, ,58.4, ,40.6, ,46.9, ,99, ,59, ,88, ,43.5, ,1.6, ,38.4, ,52.2, 
103,12/22/2019,356,0.03, ,0.42, ,121, ,9.9, ,57.4, ,35.8, ,47.5, ,99, ,61, ,88, ,44.2, ,2.7, ,63.9, ,52.2, 
103,12/23/2019,357,0.05, ,0, ,212, ,7.5, ,60.8, ,30.8, ,42.2, ,100, ,51, ,82, ,37.1, ,1.7, ,40.7, ,48.8, 
103,12/24/2019,358,0.03, ,0, ,147, ,7.6, ,52.4, ,29.9, ,40.6, ,99, ,62, ,88, ,37.4, ,1.5, ,36.8, ,47, 
103,12/25/2019,359,0.01, ,0.4, ,62, ,8.9, ,50.4, ,39.7, ,46, ,98, ,70, ,84, ,41.5, ,2.8, ,67.3, ,49.2, 
103,12/26/2019,360,0.06, ,0, ,221, ,6.7, ,64.1, ,30.9, ,44.1, ,97, ,29, ,68, ,34.3, ,2.1, ,50.1, ,47.8, 
103,12/27/2019,361,0.05, ,0, ,207, ,6.3, ,64.4, ,27.1, ,41.1, ,98, ,31, ,71, ,32.6, ,1.8, ,43.2, ,45.5, 
103,12/28/2019,362,0.05, ,0, ,208, ,7.6, ,62.6, ,29.4, ,43.5, ,98, ,43, ,79, ,37.3, ,1.5, ,36.5, ,46.7, 
103,12/29/2019,363,0, ,0.94, ,40, ,10.5, ,50.8, ,41.4, ,47, ,99, ,86, ,95, ,45.7, ,2.1, ,49.3, ,49.6, 
103,12/30/2019,364,0.05, ,0, ,214, ,9.7, ,67.3, ,37.2, ,47.8, ,99, ,55, ,85, ,43.6, ,1.7, ,40.6, ,52.1, 
103,12/31/2019,365,0.05, ,0, ,202, ,9.4, ,66.3, ,38.6, ,49.7, ,98, ,44, ,77, ,42.8, ,2.3, ,54, ,51.8, 
