Station_Id,Date,Hour,Julian_Date,Reference_ETo,QC_Reference_ETo,Precipitation,QC_Precipitation,Solar_Radiation,QC_Solar_Radiation,Vapor_Pressure,QC_Vapor_Pressure,Air_Temperature,QC_Air_Temperature,Relative_Humidity,QC_Relative_Humidity,Dew_Point,QC_Dew_Point,Wind_Speed,QC_Wind_Speed,Wind_Direction,QC_Wind_Direction,Soil_Temperature,QC_Soil_Temperature
147,1/1/2020,1,0.09, ,0, ,315, ,9.3, ,66.3, ,44.7, ,53.6, ,94, ,34, ,67, ,42.8, ,5, ,119.7, ,55.8, 
147,1/2/2020,2,0.08, ,0, ,305, ,10.4, ,71.3, ,42.5, ,54.3, ,94, ,39, ,72, ,45.5, ,4.2, ,101.2, ,56.2, 
147,1/3/2020,3,0.09, ,0, ,320, ,8.5, ,72.9, ,46.9, ,56.9, ,82, ,28, ,54, ,40.5, ,4.4, ,105.6, ,56.5, 
147,1/4/2020,4,0.08, ,0, ,323, ,9.8, ,73.1, ,43.1, ,54.5, ,91, ,36, ,68, ,44, ,3.9, ,93.7, ,56.4, 
147,1/5/2020,5,0.08, ,0, ,326, ,9.7, ,68.8, ,41.5, ,53.2, ,89, ,37, ,70, ,43.8, ,3.8, ,91.4, ,56.5, 
147,1/6/2020,6,0.09, ,0, ,340,R,6, ,77.6, ,43, ,57.4, ,83, ,15, ,37, ,31.4, ,3.3, ,80.1, ,56.3, 
147,1/7/2020,7,0.09, ,0, ,343,R,6.3, ,73.9, ,43.7, ,56.5, ,73, ,18, ,41, ,32.9, ,3.4, ,82, ,55.8, 
147,1/8/2020,8,0.07, ,0, ,297, ,9.1, ,62.7, ,40.8, ,51.3, ,85, ,52, ,71, ,42.1, ,5, ,121, ,55.3, 
147,1/9/2020,9,0.06, ,0.07, ,206, ,10.6, ,60.1, ,44.9, ,52.6, ,93, ,62, ,79, ,46.2, ,5, ,120.7, ,55.8, 
147,1/10/2020,10,0.08, ,0, ,333, ,9.1, ,65.7, ,41.7, ,50.8, ,93, ,43, ,72, ,42.2, ,4.4, ,104.9, ,55.7, 
147,1/11/2020,11,0.08, ,0, ,330, ,9.4, ,62.6, ,40.6, ,50.8, ,90, ,44, ,74, ,42.9, ,4.7, ,112.7, ,55.4, 
147,1/12/2020,12,0.08, ,0, ,334, ,9.5, ,63.8, ,40, ,50.2, ,93, ,50, ,77, ,43.3, ,4.7, ,113.8, ,55.5, 
147,1/13/2020,13,0.08, ,0, ,329, ,9.8, ,62.6, ,40.8, ,49.7, ,94, ,56, ,81, ,44.1, ,4.7, ,112.3, ,55.5, 
147,1/14/2020,14,0.07, ,0, ,335, ,10.3, ,63.3, ,42.8, ,51.1, ,95, ,55, ,81, ,45.4, ,4.3, ,104.1, ,55.8, 
147,1/15/2020,15,0.07, ,0, ,319, ,9.1, ,65.8, ,38.1, ,49.5, ,95, ,41, ,76, ,42.2, ,4, ,97.1, ,55.3, 
147,1/16/2020,16,0.06, ,0, ,247, ,9.6, ,60.2, ,40, ,49, ,97, ,63, ,81, ,43.4, ,4.3, ,103.2, ,55.2, 
147,1/17/2020,17,0.04, ,0.13, ,183, ,11.2, ,62, ,43.6, ,51.5, ,95, ,70, ,86, ,47.5, ,3, ,73, ,55.7, 
147,1/18/2020,18,0.09, ,0, ,354, ,8.3, ,71.2, ,41.1, ,53.2, ,91, ,31, ,60, ,39.8, ,4.4, ,105.7, ,55.6, 
147,1/19/2020,19,0.1, ,0, ,310, ,7.6, ,77, ,44, ,56.4, ,88, ,20, ,49, ,37.6, ,4.1, ,99, ,55.6, 
147,1/20/2020,20,0.03, ,0.01, ,108, ,11.4, ,64.4, ,46.5, ,54.4, ,90, ,58, ,79, ,47.9, ,3.3, ,78.5, ,55.9, 
147,1/21/2020,21,0.03, ,0.2, ,160, ,12.3, ,59.4, ,49.7, ,53.7, ,96, ,76, ,87, ,50.1, ,2.4, ,57.2, ,56.6, 
147,1/22/2020,22,0.08, ,0, ,338, ,11.7, ,64, ,47.2, ,55, ,94, ,61, ,80, ,48.8, ,2.9, ,69.8, ,57.4, 
147,1/23/2020,23,0.09,R,0, ,362, ,10.9, ,73.2, ,44.5, ,56, ,94, ,38, ,71, ,46.8, ,3.6, ,86.7, ,57.5, 
147,1/24/2020,24,0.09, ,0, ,336, ,11, ,70.8, ,46.1, ,55.3, ,96, ,40, ,74, ,47, ,3.1, ,73.6, ,57.8, 
147,1/25/2020,25,0.08, ,0, ,341, ,11.5, ,68, ,44.5, ,53.2, ,98, ,54, ,83, ,48.2, ,2.5, ,60.7, ,57.8, 
147,1/26/2020,26,0.05, ,0.01, ,214, ,11.9, ,61.4, ,48.1, ,52.9, ,98, ,70, ,87, ,49.1, ,3.5, ,84.1, ,58.2, 
147,1/27/2020,27,0.09, ,0, ,368, ,11.8, ,69.7, ,45.8, ,55.8, ,94, ,53, ,77, ,48.9, ,3.3, ,79.2, ,58.6, 
147,1/28/2020,28,0.1, ,0, ,377, ,9.9, ,76.5, ,47.4, ,57.9, ,93, ,28, ,60, ,44.3, ,3.6, ,86, ,58.6, 
147,1/29/2020,29,0.11, ,0, ,372, ,8.6, ,69.2, ,41.9, ,55.1, ,95, ,20, ,58, ,40.8, ,4.2, ,102, ,58.3, 
147,1/30/2020,30,0.11, ,0, ,379, ,6.6, ,73.3, ,44.3, ,55.9, ,65, ,18, ,43, ,33.8, ,3.8, ,90.9, ,57.7, 
147,1/31/2020,31,0.12, ,0, ,399,R,7, ,79.7, ,43.9, ,59.9, ,69, ,19, ,39, ,35.2, ,4.2, ,101.7, ,57.6, 
147,2/1/2020,32,0.13, ,0, ,399,R,6.1, ,82.8, ,49.9, ,64.4, ,46, ,16, ,30, ,32.1, ,4.7, ,112.4, ,57.9, 
147,2/2/2020,33,0.1, ,0, ,395, ,10, ,71.2, ,47.3, ,57.4, ,90, ,31, ,62, ,44.7, ,4.5, ,108.7, ,58.3, 
147,2/3/2020,34,0.09, ,0, ,340, ,7.6, ,61.9, ,49.8, ,54.3, ,89, ,23, ,53, ,37.5, ,4.2, ,100.4, ,58.4, 
147,2/4/2020,35,0.1, ,0, ,415,R,3.3,Y,59.3, ,36.2, ,47.3, ,50, ,17, ,30,Y,17.2,Y,3.7, ,88.6, ,56.7, 
147,2/5/2020,36,0.11, ,0, ,374, ,4.2, ,61.2, ,33.3,Y,45.8, ,70, ,14, ,40, ,22.8, ,4.6, ,111.1, ,54.8, 
147,2/6/2020,37,0.1, ,0, ,403, ,7.1, ,64.3, ,38.4, ,49.6, ,91, ,24, ,58, ,35.6, ,4.6, ,110, ,54.8, 
147,2/7/2020,38,0.1, ,0, ,410, ,8.9, ,68, ,38.9, ,51.5, ,92, ,35, ,69, ,41.5, ,4, ,94.8, ,55.6, 
147,2/8/2020,39,0.11, ,0, ,413, ,10.7, ,69.1, ,40.5, ,54, ,96, ,42, ,75, ,46.3, ,3.4, ,81.4, ,56.4, 
147,2/9/2020,40,0.02, ,0.15, ,108, ,11.2, ,55.3, ,49.4, ,52.3, ,92, ,75, ,84, ,47.6, ,5.4, ,128.7, ,57.1, 
147,2/10/2020,41,0.02, ,0.3, ,132, ,10.9, ,56.9, ,45.2, ,49.8, ,95, ,80, ,89, ,46.8, ,3, ,72.4, ,56.5, 
147,2/11/2020,42,0.11, ,0, ,429,R,8.9, ,68.3, ,41.9, ,52.5, ,93, ,26, ,66, ,41.5, ,4.8, ,114.7, ,56.5, 
147,2/12/2020,43,0.11, ,0, ,429, ,8.5, ,64.7, ,41.1, ,51.5, ,90, ,37, ,65, ,40.3, ,4.9, ,116.5, ,56.6, 
147,2/13/2020,44,0.11, ,0, ,431, ,9.1, ,68.5, ,40, ,52.1, ,90, ,38, ,69, ,42.1, ,4, ,96.7, ,56.7, 
147,2/14/2020,45,0.11, ,0, ,438,R,9.5, ,66.7, ,40.5, ,52.2, ,92, ,45, ,71, ,43.2, ,4, ,95.3, ,57, 
147,2/15/2020,46,0.12, ,0, ,450,R,8.9, ,69.7, ,41.3, ,53.1, ,88, ,37, ,65, ,41.6, ,4.6, ,109.8, ,57.1, 
147,2/16/2020,47,0.12, ,0, ,439, ,9.6, ,68.8, ,42.1, ,53.8, ,91, ,39, ,68, ,43.5, ,3.8, ,90.9, ,57.3, 
147,2/17/2020,48,0.11, ,0, ,443, ,11, ,68, ,41, ,53.3, ,96, ,54, ,79, ,47, ,3.3, ,78.4, ,57.9, 
147,2/18/2020,49,0.1, ,0, ,379, ,12.3, ,65.4, ,49.5, ,54.9, ,96, ,63, ,84, ,50.1, ,3.5, ,84.4, ,58.7, 
147,2/19/2020,50,0.1, ,0,H,401, ,12.4, ,67.8, ,47.3, ,55, ,96, ,61, ,84, ,50.2, ,3.3, ,78.9, ,59.4, 
147,2/20/2020,51,0.12, ,0, ,385, ,10.5, ,76.5, ,44.6, ,58.3, ,95, ,38, ,63, ,45.8, ,3.4, ,80.9, ,59.1, 
147,2/21/2020,52,0.12, ,0, ,409, ,10.6, ,74.4, ,48.5, ,59.9, ,86, ,33, ,60, ,46.2, ,2.9, ,69.7, ,59.5, 
147,2/22/2020,53,0.06, ,0.19, ,243, ,12.3, ,61.8, ,50.3, ,55, ,93, ,69, ,83, ,50, ,3.8, ,90.9, ,59.7, 
147,2/23/2020,54,0.1, ,0, ,400, ,11.9, ,64.8, ,47.4, ,55.2, ,93, ,63, ,80, ,49.1, ,3, ,71.8, ,59.7, 
147,2/24/2020,55,0.12, ,0, ,467, ,12.1, ,68.4, ,45.2, ,55.3, ,95, ,57, ,81, ,49.6, ,3.6, ,87.1, ,60.1, 
147,2/25/2020,56,0.17, ,0, ,491,R,7.5, ,79.5, ,45.9, ,63.3,H,94,H,15,H,37, ,37, ,4.4, ,104.9, ,60.4, 
147,2/26/2020,57,0.16, ,0, ,502,R,5,Y,78.3, ,49, ,61.8, ,43, ,14, ,27,Y,27.3,Y,3.9, ,93.6, ,59.8, 
147,2/27/2020,58,0.17,R,0, ,416, ,4.9,Y,83.8,Y,46.7, ,67.8,Y,47,H,14,H,21,Y,26.7,Y,5.5, ,130.9, ,59.8, 
147,2/28/2020,59,0.17, ,0, ,379, ,6.1, ,85.1,Y,47.9, ,68.5,Y,60,H,12,H,26,Y,32,Y,5.1, ,122.1, ,60.3, 
147,2/29/2020,60,0.14, ,0, ,490, ,9.3, ,71.5, ,46.4, ,56.8, ,84, ,28, ,59, ,42.6, ,4, ,96.2, ,59.7, 
147,3/1/2020,61,0.06, ,0.1, ,216, ,10.5, ,59.5, ,47.3, ,52.8, ,93, ,59, ,77, ,45.7, ,4.5, ,108.6, ,59.6, 
147,3/2/2020,62,0.06, ,0.06, ,248, ,10.4, ,60.8, ,43.7, ,51.3, ,95, ,64, ,81, ,45.6, ,4, ,96, ,58.8, 
147,3/3/2020,63,0.15, ,0, ,516,R,9.1, ,75.1, ,42.5, ,56, ,96, ,28, ,59, ,42, ,4.7, ,112.5, ,58.5, 
147,3/4/2020,64,0.13, ,0, ,496, ,10.7, ,68.3, ,42.3, ,54.2, ,92, ,47, ,75, ,46.4, ,3.8, ,92.2, ,59.1, 
147,3/5/2020,65,0.15, ,0, ,489, ,12.6, ,79.8, ,45.9, ,58.3, ,97, ,43, ,76, ,50.8, ,3.6, ,87.4, ,60, 
147,3/6/2020,66,0.13, ,0,R,672,R,12.1, ,70.5, ,52.7, ,60.9, ,98, ,52, ,66, ,49.5, ,3.6, ,87.4, ,61.1, 
147,3/7/2020,67,0.12, ,0, ,423, ,10.5, ,65.4, ,52.8, ,56.8, ,79, ,52, ,67, ,45.9, ,3.3, ,80.2, ,61.7, 
147,3/8/2020,68,0.12, ,0.09, ,428, ,10.7, ,64.6, ,49, ,55.2, ,86, ,53, ,72, ,46.3, ,3.6, ,87.6, ,62, 
147,3/9/2020,69,0.12, ,0.13, ,393, ,9.7, ,70.5, ,45.2, ,57.4, ,81, ,38, ,60, ,43.7, ,4.6, ,111, ,61.4, 
147,3/10/2020,70,0.04, ,0.58, ,140, ,14.8, ,69, ,56.1, ,61.8, ,85, ,66, ,78, ,55, ,4.5, ,108.1, ,62, 
147,3/11/2020,71,0.12, ,0, ,407, ,13.3, ,70.1, ,53.1, ,59.9, ,87, ,59, ,75, ,52.1, ,3.3, ,78.6, ,62.8, 
147,3/12/2020,72,0.03, ,0.71, ,153, ,12.1, ,62, ,52.8, ,55.9, ,86, ,64, ,79, ,49.5, ,3.5, ,83.1, ,62.6, 
147,3/13/2020,73,0.03, ,0.41, ,137, ,12, ,58.8, ,51.3, ,55.1, ,84, ,72, ,81, ,49.3, ,3.7, ,89.6, ,61.7, 
147,3/14/2020,74,0.04,R,0.04, ,168, ,11.4, ,61.7, ,49.1, ,55.7, ,85, ,56, ,76, ,48.1, ,2.9, ,70.7, ,61.5, 
147,3/15/2020,75,0.07, ,0, ,278, ,10.5, ,63.4, ,47.7, ,54.9, ,83, ,59, ,71, ,45.7, ,4.6, ,110.7, ,61.3, 
147,3/16/2020,76,0.09, ,0.26, ,273, ,9.8, ,62.1, ,51.1, ,55.3, ,85, ,52, ,66, ,44, ,6,Y,144.4,Y,61.1, 
147,3/17/2020,77,0.11, ,0.24, ,424, ,9, ,61, ,45.6, ,52.9, ,86, ,46, ,66, ,41.9, ,3.9, ,94.4, ,60.4, 
147,3/18/2020,78,0.05, ,0.36, ,186, ,9.1, ,57.9, ,45.4, ,50.4, ,81, ,66, ,73, ,42.2, ,4.1, ,99, ,59.9, 
147,3/19/2020,79,0.07, ,0.2, ,277, ,9.4, ,59.6, ,45, ,51.6, ,84, ,56, ,72, ,43, ,4.2, ,100.2, ,59.3, 
147,3/20/2020,80,0.11, ,0, ,401, ,9.9, ,62.2, ,47.7, ,54.5, ,83, ,48, ,68, ,44.2, ,3.8, ,90.2, ,59.7, 
147,3/21/2020,81,0.15, ,0, ,552, ,10.4, ,64.6, ,47.9, ,55.1, ,84, ,53, ,70, ,45.5, ,4.3, ,102.5, ,60.7, 
147,3/22/2020,82,0.13, ,0.06, ,421, ,10.8, ,68, ,47.2, ,57.4, ,83, ,40, ,67, ,46.7, ,4.4, ,105.4, ,61.3, 
147,3/23/2020,83,0.14, ,0.14, ,502, ,11.3, ,64.8, ,48.8, ,57, ,86, ,53, ,71, ,47.9, ,4.3, ,104.4, ,62.4, 
147,3/24/2020,84,0.15, ,0, ,529, ,9.9, ,65.4, ,47, ,56.1, ,83, ,49, ,64, ,44.2, ,4.2, ,99.6, ,62.5, 
147,3/25/2020,85,0.09, ,0.18, ,310, ,9.9, ,62.2, ,49.5, ,54.8, ,83, ,49, ,67, ,44.2, ,3.4, ,80.7, ,62.6, 
147,3/26/2020,86,0.13, ,0.08, ,437, ,8.2, ,58.8, ,45.4, ,51.5, ,82, ,45, ,63, ,39.3, ,4.4, ,105.8, ,61.4, 
147,3/27/2020,87,0.14, ,0.27, ,546, ,7.8, ,61.2, ,43.3, ,50.9, ,80, ,44, ,61, ,38, ,4.7, ,112, ,60.5, 
147,3/28/2020,88,0.16, ,0, ,586, ,8.6, ,62.6, ,40.8,Y,51.7, ,81, ,52, ,66, ,40.6, ,5.5, ,131.1, ,60.5, 
147,3/29/2020,89,0.16, ,0, ,568, ,9.8, ,64.6, ,44.8, ,54.5, ,84, ,49, ,67, ,43.9, ,4.5, ,108.3, ,61.2, 
147,3/30/2020,90,0.18, ,0, ,611,R,10.6, ,69.7, ,47.9, ,58.4, ,82, ,43, ,64, ,46.2, ,4.4, ,105.3, ,62.2, 
147,3/31/2020,91,0.08, ,0, ,271, ,11.7, ,70.6, ,50.7, ,58.3, ,82, ,52, ,70, ,48.6, ,2.8, ,67.8, ,62.8, 
147,4/1/2020,92,0.17, ,0, ,600, ,11.9, ,69.6, ,49.6, ,58.4, ,84, ,56, ,71, ,49.1, ,3.6, ,87.4, ,63.3, 
147,4/2/2020,93,0.15, ,0, ,510, ,11, ,65, ,51.2, ,57.8, ,82, ,57, ,67, ,46.9, ,5, ,120.2, ,64.1, 
147,4/3/2020,94,0.17, ,0, ,597, ,10.4, ,66.3, ,46.7, ,55.6, ,82, ,54, ,69, ,45.5, ,4, ,97.1, ,63.5, 
147,4/4/2020,95,0.16, ,0, ,515, ,10.5, ,64.9, ,51.5, ,57.2, ,82, ,55, ,66, ,45.8, ,5.1, ,121.8, ,63.6, 
147,4/5/2020,96,0.1, ,0, ,322, ,9.9, ,64.6, ,52.6, ,56.6, ,79, ,53, ,63, ,44.3, ,4.7, ,113.4, ,63.5, 
147,4/6/2020,97,0.09, ,0.32, ,249, ,11, ,62.4, ,51.6, ,56.6, ,85, ,57, ,71, ,47.1, ,8.2,R,196.1,R,62.8, 
147,4/7/2020,98,0.07, ,0.57, ,275, ,11.6, ,63.1, ,49.7, ,55.4, ,85, ,62, ,78, ,48.5, ,4.9, ,117.6, ,62.3, 
147,4/8/2020,99,0.12, ,0.48, ,427, ,9.4, ,60.3, ,47.5, ,52.1, ,84, ,53, ,71, ,43, ,5, ,120.8, ,62, 
147,4/9/2020,100,0.1, ,0.31, ,315, ,9.8, ,60.9, ,49.7, ,54.1, ,82, ,52, ,69, ,44, ,5.2, ,124.9, ,61.8, 
147,4/10/2020,101,0.01, ,1.7, ,82, ,10.9, ,54.7, ,49.4, ,52.1, ,84, ,77, ,82, ,46.7, ,5, ,119.4, ,60.6, 
147,4/11/2020,102,0.11, ,0.02, ,415, ,10.9, ,64.8, ,48.4, ,56.2, ,81, ,58, ,70, ,46.8, ,3.5, ,83.8, ,60.5, 
147,4/12/2020,103,0.05, ,0, ,191, ,11.6, ,61.4, ,53.9, ,56.3, ,84, ,66, ,75, ,48.5, ,3.6, ,87, ,61.9, 
147,4/13/2020,104,0.06, ,0.04, ,249, ,11.8, ,60.9, ,52.3, ,56.4, ,85, ,66, ,76, ,48.9, ,3.4, ,82.2, ,62.2, 
147,4/14/2020,105,0.19, ,0, ,649, ,12.8, ,75, ,53.7, ,61.6, ,85, ,48, ,68, ,51, ,3.8, ,92.2, ,63.2, 
147,4/15/2020,106,0.22, ,0, ,680,R,9, ,77.6, ,50.7, ,63.1, ,84, ,23, ,45, ,41.7, ,5.1, ,121.2, ,64.3, 
147,4/16/2020,107,0.21, ,0, ,675,R,9.3, ,73.2, ,49.3, ,60.2, ,75, ,35, ,52, ,42.7, ,4.9, ,118.6, ,64.5, 
147,4/17/2020,108,0.15, ,0, ,475, ,10.4, ,64.7, ,47.9, ,56.1, ,80, ,53, ,68, ,45.7, ,4.9, ,117.5, ,64, 
147,4/18/2020,109,0.13, ,0.04, ,415, ,11.1, ,65.6, ,52.8, ,58, ,83, ,54, ,67, ,47.3, ,3.7, ,89, ,64, 
147,4/19/2020,110,0.08, ,0, ,299, ,11.5, ,64, ,53.8, ,57.9, ,82, ,60, ,70, ,48.1, ,3.7, ,89.1, ,64.4, 
147,4/20/2020,111,0.11, ,0, ,377, ,11.9, ,65.7, ,54.8, ,58.8, ,81, ,61, ,70, ,49.1, ,3.8, ,90.6, ,64.7, 
147,4/21/2020,112,0.15, ,0, ,509, ,12.2, ,67.5, ,54.2, ,59.7, ,84, ,55, ,70, ,49.8, ,4.4, ,105.7, ,65.2, 
147,4/22/2020,113,0.21, ,0, ,673, ,12.9, ,81.7, ,50.4, ,64.4, ,84, ,38, ,63, ,51.4, ,3.8, ,90.9, ,65.8, 
147,4/23/2020,114,0.23, ,0, ,678, ,12.4, ,82.4, ,53.6, ,67.5, ,76, ,35, ,54, ,50.3, ,4.2, ,100.3, ,66.6, 
147,4/24/2020,115,0.23, ,0, ,673, ,14.8, ,89.6,Y,56, ,69.2, ,85, ,33, ,61, ,55, ,3.6, ,86.1, ,67.8, 
147,4/25/2020,116,0.23, ,0, ,681, ,15.6, ,86.1, ,57, ,70, ,86, ,40, ,62, ,56.6, ,3, ,72.1, ,69.2,Y
147,4/26/2020,117,0.24, ,0, ,687,R,14.1, ,86.2, ,58.7, ,69.9, ,84, ,30, ,57, ,53.8, ,3.2, ,77.4, ,70,Y
147,4/27/2020,118,0.21, ,0, ,671, ,15, ,77.8, ,56, ,64.8, ,87, ,53, ,71, ,55.4, ,3.3, ,79, ,70.5,Y
147,4/28/2020,119,0.2, ,0.01, ,638, ,15, ,75.7, ,54.9, ,64, ,87, ,56, ,74, ,55.4, ,2.8, ,68.3, ,70.3,Y
147,4/29/2020,120,0.16, ,0, ,504, ,15.7, ,75.6, ,57.2, ,63.8, ,87, ,60, ,78, ,56.6, ,3.4, ,82, ,70.5,Y
147,4/30/2020,121,0.14, ,0, ,474, ,15.9, ,75.4, ,61,Y,65.6, ,83, ,60, ,74, ,57.1, ,3.6, ,86.2, ,71.2,Y
147,5/1/2020,122,0.19, ,0, ,602, ,15.2, ,75.9, ,56.5, ,64.7, ,85, ,55, ,73, ,55.8, ,3.3, ,79.5, ,71.7,Y
147,5/2/2020,123,0.22, ,0, ,696, ,13.9, ,76.5, ,53.3, ,64.2, ,87, ,45, ,68, ,53.4, ,4.1, ,98.5, ,71.3,Y
147,5/3/2020,124,0.21, ,0, ,688, ,14, ,72.9, ,58, ,64, ,83, ,53, ,69, ,53.6, ,3.6, ,86.6, ,71.7,Y
147,5/4/2020,125,0.22, ,0, ,706,R,14.7, ,75.8, ,55.4, ,65.5, ,86, ,51, ,69, ,55, ,3.8, ,91.1, ,72.4,R
147,5/5/2020,126,0.24, ,0, ,710,R,15.5, ,85.5, ,57.2, ,69.9, ,84, ,44, ,62, ,56.4, ,3.9, ,92.8, ,72.7,R
147,5/6/2020,127,0.26, ,0, ,718,R,13.1, ,89.8,Y,58.3, ,73,Y,79, ,27, ,47,Y,51.8,Y,4.1, ,97.9, ,72.7,R
147,5/7/2020,128,0.25, ,0, ,732,R,12.5, ,83.8, ,56.7, ,69.7, ,76, ,30, ,50, ,50.5, ,4.2, ,99.6, ,72.6,R
147,5/8/2020,129,0.22,R,0, ,698, ,14.3, ,76.9, ,54.7, ,66, ,82, ,51, ,66, ,54.2, ,3.7, ,88.1, ,72.7,R
147,5/9/2020,130,0.18, ,0, ,587, ,15.5, ,74.2, ,59.9, ,65.6, ,83, ,60, ,72, ,56.4, ,3.8, ,91.4, ,73.3,R
147,5/10/2020,131,0.11, ,0, ,356, ,15.4, ,73, ,60.3, ,64.1, ,84, ,63, ,76, ,56.2, ,3.4, ,82.4, ,73.3,R
147,5/11/2020,132,0.21, ,0, ,687, ,13.5, ,72.2, ,56.5, ,64.1, ,78, ,55, ,66, ,52.6, ,3.6, ,85.9, ,73.5,R
147,5/12/2020,133,0.21, ,0.01, ,679, ,13.2, ,72.2, ,52.9, ,62.3, ,83, ,52, ,69, ,51.9, ,4.7, ,112.6, ,73,R
147,5/13/2020,134,0.19, ,0.03, ,613, ,12.4, ,68.6, ,54.4, ,61.2, ,83, ,52, ,67, ,50.3, ,3.9, ,93.3, ,72.8,R
147,5/14/2020,135,0.21, ,0, ,693, ,13.1, ,71, ,52.7, ,61.8, ,82, ,54, ,69, ,51.7, ,4.5, ,107.9, ,72.1,Y
147,5/15/2020,136,0.22, ,0, ,697, ,13.9, ,73.1, ,57.7, ,64.3, ,83, ,53, ,68, ,53.3, ,4.2, ,100.5, ,72.6,R
147,5/16/2020,137,0.22, ,0, ,698, ,14.7, ,74.8, ,55.8, ,64.3, ,85, ,56, ,71, ,54.8, ,3.9, ,94.2, ,72.4,Y
147,5/17/2020,138,0.18, ,0, ,598, ,14.5, ,72.3, ,55.8, ,63.3, ,86, ,60, ,73, ,54.4, ,3.9, ,93.8, ,72.6,Y
147,5/18/2020,139,0.21, ,0, ,617, ,13.7, ,73.8, ,60.4, ,65.6, ,75, ,49, ,64, ,53, ,4.7, ,113.7, ,73.1,R
147,5/19/2020,140,0.22, ,0, ,687, ,10.9, ,67.7, ,52.1, ,60.9, ,80, ,47, ,60, ,46.7, ,5, ,120.4, ,72.4,Y
147,5/20/2020,141,0.23, ,0, ,739,R,11.5, ,72.2, ,49.4, ,61.1, ,83, ,43, ,63, ,48.3, ,5.3, ,127.4, ,71.4,Y
147,5/21/2020,142,0.23, ,0, ,730, ,13.1, ,75.2, ,50.7, ,63.5, ,83, ,45, ,65, ,51.7, ,4.4, ,104.9, ,71.6,Y
147,5/22/2020,143,0.21, ,0, ,675, ,13.3, ,72, ,56, ,62.1, ,86, ,56, ,70, ,52.1, ,5, ,119.7, ,71.9,Y
147,5/23/2020,144,0.22, ,0, ,717, ,12.2, ,69.1, ,55, ,62.3, ,81, ,54, ,64, ,49.8, ,4.8, ,115.9, ,71.8,Y
147,5/24/2020,145,0.22, ,0, ,722, ,13.6, ,73, ,52.6, ,62.5, ,83, ,57, ,70, ,52.7, ,4.4, ,106.5, ,71.8, 
147,5/25/2020,146,0.22, ,0, ,673, ,15.1, ,80.1, ,56.2, ,65.4, ,86, ,50, ,71, ,55.7, ,3.7, ,88.2, ,73,Y
147,5/26/2020,147,0.23, ,0, ,699, ,15.8, ,83.6,Y,57.6, ,68.1, ,87, ,39, ,67, ,56.8, ,3.5, ,84.8, ,74,Y
147,5/27/2020,148,0.23, ,0, ,701, ,15.7, ,83.5,Y,57.8, ,67.2, ,87, ,44, ,69, ,56.7, ,3.5, ,84, ,74.3,Y
147,5/28/2020,149,0.22, ,0, ,690, ,15.6, ,74.1, ,60.5, ,65.7, ,83, ,58, ,72, ,56.4, ,4.1, ,98.8, ,74.5,Y
147,5/29/2020,150,0.12, ,0, ,414, ,14.9, ,70.8, ,58.4, ,64.4, ,83, ,61, ,72, ,55.2, ,3.7, ,88.5, ,74.4,Y
147,5/30/2020,151,0.22, ,0, ,654, ,13.3, ,75.9, ,57.2, ,66.5, ,87, ,45, ,60, ,52.2, ,4.9, ,116.5, ,74.1,Y
147,5/31/2020,152,0.23, ,0, ,694, ,14.3, ,77.6, ,57.5, ,65.6, ,86, ,48, ,66, ,54.1, ,4.3, ,102.4, ,73.9,Y
147,6/1/2020,153,0.23, ,0, ,637, ,14.1, ,81.8, ,55.8, ,67.9, ,83, ,40, ,60, ,53.7, ,3.9, ,92.4, ,73.9, 
147,6/2/2020,154,0.17, ,0, ,496, ,14.8, ,76, ,58.1, ,66.4, ,86, ,56, ,67, ,55, ,3.2, ,77, ,74, 
147,6/3/2020,155,0.24, ,0, ,707, ,16.2, ,84.5,Y,59.8, ,70,Y,84, ,44, ,65,Y,57.6,Y,3.8, ,91.4, ,74.6,Y
147,6/4/2020,156,0.15, ,0, ,499, ,15.4, ,73.7, ,60.4, ,64.7, ,85, ,58, ,74, ,56.1, ,3.7, ,88.5, ,74.9,Y
147,6/5/2020,157,0.1, ,0, ,277, ,13.7, ,71.7, ,58.4, ,64.6, ,84, ,49, ,66, ,53, ,4.8, ,114.1, ,74.3, 
147,6/6/2020,158,0.12, ,0, ,396, ,14.1, ,70.4, ,58.6, ,63.4, ,81, ,58, ,71, ,53.7, ,4, ,96.7, ,73.5, 
147,6/7/2020,159,0.22, ,0, ,670, ,13.9, ,72.8, ,56.9, ,64.9, ,77, ,54, ,66, ,53.4, ,4.2, ,100.6, ,73.7, 
147,6/8/2020,160,0.27,R,0, ,749,R,10.4, ,86.2,Y,48.8,Y,68.4, ,84, ,21, ,44, ,45.7, ,4.7, ,113.4, ,73.8, 
147,6/9/2020,161,0.23,R,0, ,775,R,5.6,R,--,S,56.4, ,--,S,38,H,10,H,--,Q,--,Q,5.8, ,140.2, ,73.1, 
147,6/10/2020,162,0.26,R,0, ,733, ,7.9,Y,92.4,R,56, ,74.8,R,79,H,16,H,--,R,--,I,5.3, ,126.6, ,72.3, 
147,6/11/2020,163,0.26,R,0, ,744, ,11.9, ,83.5, ,57, ,70.2,Y,88,H,22,H,47,Y,49.1,Y,3.8, ,91.3, ,72.4, 
147,6/12/2020,164,0.23, ,0, ,750,R,14, ,75.9, ,55.5, ,64, ,88, ,50, ,69, ,53.5, ,4.1, ,99.6, ,73.2, 
147,6/13/2020,165,0.23, ,0, ,734, ,13.5, ,73.4, ,56.8, ,64.5, ,82, ,44, ,65, ,52.6, ,4.1, ,98.8, ,73.4, 
147,6/14/2020,166,0.23, ,0, ,733, ,13.6, ,74.8, ,56, ,65.4, ,81, ,47, ,64, ,52.7, ,3.9, ,94.5, ,73.9, 
147,6/15/2020,167,0.18, ,0, ,583, ,14.5, ,73.4, ,57, ,64.4, ,83, ,58, ,70, ,54.5, ,4, ,96.3, ,74.2, 
147,6/16/2020,168,0.2, ,0, ,634, ,14.2, ,73.8, ,60.1, ,64.7, ,77, ,55, ,68, ,54, ,4.2, ,99.9, ,74.4, 
147,6/17/2020,169,0.2, ,0, ,618, ,13.6, ,72.8, ,55.4, ,63.8, ,82, ,56, ,67, ,52.7, ,4.5, ,107.5, ,74.3, 
147,6/18/2020,170,0.2, ,0, ,643, ,13.1, ,71.7, ,57.8, ,63.4, ,80, ,51, ,66, ,51.8, ,3.9, ,93.7, ,74.2, 
147,6/19/2020,171,0.2, ,0, ,629, ,13.9, ,72.8, ,59.9, ,64.6, ,78, ,54, ,67, ,53.4, ,4.4, ,104.6, ,74.5, 
147,6/20/2020,172,0.14, ,0, ,450, ,15.1, ,73.1, ,60.9, ,64.9, ,83, ,59, ,72, ,55.6, ,4, ,95.2, ,74.6, 
147,6/21/2020,173,0.19, ,0, ,590, ,15.4, ,73.4, ,61, ,65.7, ,82, ,60, ,71, ,56.2, ,3.8, ,91.1, ,74.7, 
147,6/22/2020,174,0.22, ,0, ,693, ,15.5, ,74.8, ,61.5, ,66.4, ,80, ,58, ,70, ,56.4, ,3.9, ,94, ,75.2, 
147,6/23/2020,175,0.21, ,0, ,641, ,16, ,77.8, ,61.7, ,66.7, ,80, ,58, ,71, ,57.2, ,4.1, ,98.9, ,75.4, 
147,6/24/2020,176,0.19, ,0, ,611, ,15.6, ,74.7, ,61, ,65, ,83, ,62, ,74, ,56.4, ,4.1, ,98.4, ,75.6, 
147,6/25/2020,177,0.22, ,0, ,685, ,15, ,73.7, ,58.7, ,65.3, ,82, ,59, ,70, ,55.5, ,3.9, ,94, ,75.4, 
147,6/26/2020,178,0.23, ,0, ,716, ,15.3, ,77.1, ,58.7, ,66.9, ,83, ,54, ,68, ,56, ,3.7, ,88.9, ,75.4, 
147,6/27/2020,179,0.22, ,0, ,677, ,15.5, ,76.3, ,59.2, ,66.3, ,83, ,57, ,70, ,56.3, ,3.9, ,93.2, ,75.7, 
147,6/28/2020,180,0.21, ,0, ,604, ,14.7, ,73.1, ,61, ,65.5, ,79, ,58, ,68, ,54.9, ,5.4,R,130.4,R,75.3, 
147,6/29/2020,181,0.12, ,0.03,H,410, ,13.7, ,70, ,58.2, ,62.3, ,85, ,58, ,71, ,53, ,4.4, ,105.8, ,74.6, 
147,6/30/2020,182,0.23, ,0, ,691, ,13.9, ,73.7, ,59.7, ,65.4, ,79, ,53, ,65, ,53.3, ,4.5, ,107.5, ,74.1, 
147,7/1/2020,183,0.22, ,0, ,682, ,14.9, ,73.9, ,60.4, ,66.5, ,79, ,56, ,67, ,55.2, ,4.1, ,97.4, ,74.7, 
147,7/2/2020,184,0.22, ,0, ,681, ,14.8, ,76.5, ,57.9, ,66.3, ,87, ,52, ,67, ,55, ,3.8, ,91.3, ,74.9, 
147,7/3/2020,185,0.24, ,0, ,727, ,15.6, ,81.7, ,55.3, ,68.1, ,85, ,49, ,67, ,56.6, ,4.1, ,97.8, ,74.6, 
147,7/4/2020,186,0.25, ,0, ,727, ,16.8, ,81.7, ,60.3, ,70.4, ,85, ,50, ,66, ,58.6, ,3.6, ,87.2, ,75.2, 
147,7/5/2020,187,0.27, ,0, ,745,R,14.7, ,89.1, ,58.9, ,72.7, ,84, ,30, ,54, ,55, ,3.6, ,85.4, ,75.7, 
147,7/6/2020,188,0.26, ,0, ,760,R,15, ,85.5, ,58.5, ,71.2, ,86, ,36, ,58, ,55.5, ,3.6, ,87.5, ,75.8, 
147,7/7/2020,189,0.24, ,0, ,713, ,16.4, ,80.2, ,60.1, ,68.6, ,87, ,50, ,69, ,57.9, ,3.4, ,82.8, ,76.3, 
147,7/8/2020,190,0.23, ,0, ,218, ,14.8, ,73.2, ,58, ,64.3, ,88, ,54, ,72, ,55.1, ,2.7, ,64.3, ,76.8, 
147,7/9/2020,191,0.23, ,0, ,702, ,15.3, ,78.4, ,56.5, ,67.1, ,88, ,48, ,68, ,56, ,3.9, ,93.8, ,76.2, 
147,7/10/2020,192,0.24, ,0, ,671, ,17.2, ,85.7, ,60.7, ,71.9, ,88, ,42, ,64, ,59.2, ,3.7, ,89, ,76.2, 
147,7/11/2020,193,0.23, ,0, ,621, ,18.6, ,89.7, ,63.5, ,75.1, ,88, ,39, ,62, ,61.5, ,3.2, ,77.8, ,77, 
147,7/12/2020,194,0.26, ,0, ,669, ,16.4, ,90.7,Y,64.4, ,75.9,Y,88, ,27, ,54,Y,57.8,Y,3.6, ,85.8, ,77.4, 
147,7/13/2020,195,0.24, ,0, ,681, ,17.9, ,83.3, ,63, ,71.2, ,88, ,48, ,69, ,60.4, ,3.6, ,86.4, ,77.6, 
147,7/14/2020,196,0.23, ,0, ,683, ,16.4, ,78.5, ,61.1, ,68.8, ,83, ,55, ,68, ,57.8, ,3.8, ,91.1, ,77.8, 
147,7/15/2020,197,0.23, ,0, ,699, ,15.7, ,77.8, ,62.5, ,68.4, ,78, ,53, ,66, ,56.8, ,4.4, ,105.8, ,77.4, 
147,7/16/2020,198,0.22, ,0, ,659, ,15.9, ,77.4, ,60.6, ,68.2, ,82, ,56, ,67, ,57, ,3.8, ,91.9, ,77.5, 
147,7/17/2020,199,0.23, ,0, ,663, ,16.5, ,78.8, ,62.3, ,69.1, ,83, ,56, ,68, ,58.1, ,3.9, ,93.3, ,77.4, 
147,7/18/2020,200,0.23, ,0, ,654, ,17, ,82.3, ,59.6, ,69.5, ,87, ,52, ,69, ,58.9, ,3.8, ,91, ,77.3, 
147,7/19/2020,201,0.23, ,0, ,666, ,17.2, ,83.7, ,60.1, ,69.9, ,87, ,49, ,69, ,59.2, ,3.4, ,82.8, ,77.3, 
147,7/20/2020,202,0.22, ,0, ,674, ,16, ,76.4, ,60.2, ,67.2, ,87, ,53, ,70, ,57.2, ,3.5, ,84.3, ,77.2, 
147,7/21/2020,203,0.22, ,0, ,655, ,16, ,77.8, ,62.3, ,67.9, ,81, ,55, ,69, ,57.3, ,3.8, ,92.3, ,77.1, 
147,7/22/2020,204,0.2, ,0, ,594, ,15.7, ,73.9, ,60.4, ,66.5, ,80, ,59, ,71, ,56.8, ,4.2, ,100.5, ,76.9, 
147,7/23/2020,205,0.2, ,0, ,601, ,14.4, ,74.4, ,58, ,66, ,83, ,52, ,66, ,54.4, ,3.9, ,94.1, ,76.4, 
147,7/24/2020,206,0.22, ,0, ,656, ,14.9, ,75.2, ,60.5, ,66.8, ,79, ,55, ,66, ,55.3, ,3.7, ,88.9, ,76, 
147,7/25/2020,207,0.23, ,0, ,676, ,15.6, ,77.6, ,60.7, ,68, ,84, ,54, ,67, ,56.5, ,4, ,95.5, ,76.2, 
147,7/26/2020,208,0.23, ,0, ,678, ,16.5, ,80.3, ,59.1, ,68.2, ,83, ,55, ,70, ,58, ,4.1, ,97.4, ,76.1, 
147,7/27/2020,209,0.21, ,0, ,624, ,16.7, ,80.9, ,60.2, ,68.2, ,88, ,53, ,71, ,58.3, ,3.7, ,89.8, ,76.6, 
147,7/28/2020,210,0.21, ,0, ,651, ,16, ,77, ,58.8, ,66.7, ,87, ,55, ,72, ,57.3, ,3.9, ,92.4, ,76.6, 
147,7/29/2020,211,0.22, ,0, ,647, ,16.2, ,78.1, ,59.5, ,67.6, ,85, ,54, ,70, ,57.6, ,3.9, ,94.3, ,76.6, 
147,7/30/2020,212,0.23, ,0, ,645, ,17.4, ,85, ,61.4, ,72, ,85, ,46, ,65, ,59.6, ,3.7, ,89.2, ,77.1, 
147,7/31/2020,213,0.25, ,0, ,659, ,18.1, ,89.4, ,62.3, ,74.6, ,83, ,40, ,62, ,60.6, ,3.3, ,79.5, ,77.8, 
147,8/1/2020,214,0.23, ,0, ,650, ,17.4, ,87, ,62.8, ,72.2, ,84, ,39, ,64, ,59.6, ,3.1, ,73.6, ,78.1, 
147,8/2/2020,215,0.23, ,0, ,659, ,17, ,83.5, ,60.2, ,69.9, ,87, ,46, ,68, ,58.9, ,3.5, ,84.5, ,77.9, 
147,8/3/2020,216,0.22, ,0, ,660, ,16.9, ,78.1, ,60, ,68.6, ,86, ,55, ,71, ,58.8, ,3.5, ,84.5, ,77.7, 
147,8/4/2020,217,0.21, ,0, ,614, ,16.7, ,77.2, ,62.3, ,68, ,84, ,58, ,71, ,58.4, ,3.5, ,84.2, ,77.6, 
147,8/5/2020,218,0.22, ,0, ,647, ,15.4, ,74.9, ,60.8, ,67.1, ,80, ,56, ,68, ,56.2, ,4.1, ,99.4, ,77.3, 
147,8/6/2020,219,0.21, ,0, ,638, ,14.7,Y,74.8, ,59.7, ,66.5, ,82, ,51, ,66,Y,54.9,Y,4, ,96.3, ,76.9, 
147,8/7/2020,220,0.23, ,0, ,670, ,14.9, ,79, ,59.3, ,67.1, ,84, ,46, ,66, ,55.3, ,4.3, ,102.1, ,76.6, 
147,8/8/2020,221,0.21, ,0, ,634, ,16, ,80.4, ,58.7, ,67.2, ,87, ,50, ,70, ,57.2, ,3.8, ,91.4, ,76.6, 
147,8/9/2020,222,0.22, ,0, ,638, ,16.2, ,81.3, ,60, ,67.8, ,86, ,50, ,70, ,57.6, ,3.8, ,90.1, ,76.7, 
147,8/10/2020,223,0.22, ,0, ,641, ,16.2, ,80.7, ,58.5, ,67.7, ,87, ,52, ,70, ,57.5, ,3.7, ,89.1, ,76.8, 
147,8/11/2020,224,0.22, ,0, ,634, ,16.5, ,80.9, ,59.3, ,68.3, ,86, ,52, ,70, ,58, ,3.8, ,90, ,76.8, 
147,8/12/2020,225,0.22, ,0, ,630, ,16.7, ,83.6, ,59.6, ,71.1, ,84, ,47, ,64, ,58.5, ,3.5, ,83.1, ,76.8, 
147,8/13/2020,226,0.24, ,0, ,586, ,15.7, ,91.1, ,66, ,77.4, ,76, ,27, ,49, ,56.7, ,3.3, ,79.2, ,77.6, 
147,8/14/2020,227,0.26, ,0, ,612, ,14.1,Y,94.3,Y,66, ,80.3,Y,67,H,24,H,40,Y,53.7,Y,3.9, ,93.7, ,77.6, 
147,8/15/2020,228,0.24, ,0, ,588, ,18.6, ,90.4, ,68.7, ,78.6,Y,75, ,35, ,56,Y,61.5,Y,3.5, ,84.3, ,78.5, 
147,8/16/2020,229,0.23, ,0, ,578, ,18.9, ,93,Y,68.8,Y,77.1, ,77, ,35, ,60, ,61.9, ,3.7, ,87.8, ,78.9, 
147,8/17/2020,230,0.19, ,0, ,502, ,20, ,91, ,67, ,75.6, ,85, ,40, ,66, ,63.5, ,3.4, ,80.9, ,79, 
147,8/18/2020,231,0.23, ,0, ,587, ,20.8, ,92.8,Y,67.2, ,77.6,Y,83, ,44, ,64,Y,64.6,Y,3.3, ,80.4, ,79.5,Y
147,8/19/2020,232,0.21, ,0, ,578, ,21, ,86.9, ,67.6, ,75.9, ,84, ,53, ,69, ,64.9, ,3.1, ,75, ,79.8,Y
147,8/20/2020,233,0.21, ,0, ,565, ,20.1, ,89.2, ,66, ,75.8, ,86, ,44, ,66, ,63.6, ,3.3, ,79, ,79.6,Y
147,8/21/2020,234,0.2, ,0, ,503, ,20.1, ,91.4, ,66.3, ,78.3, ,82, ,41, ,61, ,63.6, ,3.5, ,84.1, ,79.5,Y
147,8/22/2020,235,0.23, ,0, ,575, ,21, ,90, ,71.5,Y,79.2,Y,78, ,43, ,62,Y,64.9,Y,3.8, ,92.2, ,79.9,Y
147,8/23/2020,236,0.22, ,0, ,595, ,21.8, ,88.1, ,69.3,Y,77.3, ,84, ,51, ,68, ,66, ,3.8, ,90.6, ,80.1,Y
147,8/24/2020,237,0.21, ,0, ,564, ,21.7, ,87.2, ,68.2, ,76.2, ,83, ,56, ,70, ,65.9, ,3.6, ,85.4, ,80.5,Y
147,8/25/2020,238,0.21, ,0, ,566, ,20.5, ,88.1, ,67.1, ,75.3, ,85, ,47, ,68, ,64.1, ,3.3, ,79.2, ,80.3,Y
147,8/26/2020,239,0.2, ,0, ,559, ,19.9, ,88.4, ,65.5, ,73.8, ,86, ,49, ,70, ,63.3, ,3.3, ,79.5, ,80,Y
147,8/27/2020,240,0.22, ,0, ,583, ,19.3, ,90, ,63.1, ,74.5, ,86, ,44, ,66, ,62.5, ,3.3, ,79, ,79.5,Y
147,8/28/2020,241,0.2, ,0, ,572, ,18.8, ,83.8, ,63.8, ,71.7, ,86, ,52, ,71, ,61.8, ,3.5, ,85, ,79.1,Y
147,8/29/2020,242,0.2, ,0, ,584, ,17, ,80, ,61.3, ,69.2, ,84, ,53, ,70, ,58.9, ,3.7, ,88.6, ,78.7, 
147,8/30/2020,243,0.2, ,0, ,602, ,15.7, ,78.2, ,60.6, ,67.8, ,82, ,52, ,67, ,56.6, ,3.7, ,88.3, ,78, 
147,8/31/2020,244,0.19, ,0, ,554, ,16.1, ,77.6, ,62.8, ,68, ,78, ,56, ,69, ,57.3, ,3.7, ,89.2, ,77.5, 
147,9/1/2020,245,0.2, ,0, ,565, ,16.4, ,78.4, ,63.3, ,69.6, ,77, ,54, ,66, ,57.9, ,3.6, ,87.2, ,77.6, 
147,9/2/2020,246,0.18, ,0, ,532, ,16.7, ,79.9, ,60.9, ,68.6, ,82, ,53, ,70, ,58.4, ,3.6, ,86.3, ,77.3, 
147,9/3/2020,247,0.2, ,0, ,572, ,17.6, ,83.4, ,61.8, ,70.9, ,85, ,50, ,68, ,59.9, ,3.5, ,83.3, ,77.7, 
147,9/4/2020,248,0.2, ,0, ,566, ,18.8, ,86.7, ,62, ,73.9, ,85, ,47, ,66, ,61.7, ,3.2, ,76.5, ,78, 
147,9/5/2020,249,0.23,R,0, ,547, ,18.3, ,106.4,R,66.9, ,83.5,Y,79, ,24, ,47,Y,60.9,Y,3.4, ,81.8, ,78.9, 
147,9/6/2020,250,0.24,R,0, ,523, ,12.7,Y,104.9,R,71.8,Y,88.5,R,64,H,13,H,--,R,--,I,3.7, ,90, ,79.5,Y
147,9/7/2020,251,0.2, ,0, ,505, ,17.5, ,88.5, ,67.3, ,75.3, ,82, ,42, ,59, ,59.8, ,3.9, ,94.4, ,79.1, 
147,9/8/2020,252,0.06, ,0, ,217, ,18.8, ,77.9, ,65.5, ,70.8, ,82, ,58, ,73, ,61.7, ,2.6, ,63.5, ,78.4, 
147,9/9/2020,253,0.17, ,0, ,472, ,16.7, ,86.2, ,61.2, ,71.3, ,84, ,28, ,64, ,58.4, ,3.8, ,90.6, ,77.3, 
147,9/10/2020,254,0.17, ,0, ,416, ,11.9,Y,88.1, ,56.5, ,71.5, ,81, ,16, ,45,Y,49.1,Y,3.2, ,77.9, ,76.1, 
147,9/11/2020,255,0.16, ,0, ,392, ,11.3,Y,87.7, ,59.2, ,71.1, ,74, ,22, ,44,Y,47.8,Y,3, ,71.7, ,75.2, 
147,9/12/2020,256,0.2, ,0, ,516, ,13.7, ,84.9, ,57.1, ,70.4, ,86, ,25, ,54, ,52.9, ,3.4, ,80.6, ,74.9, 
147,9/13/2020,257,0.16, ,0, ,446, ,15.7, ,84.6, ,57.7, ,68.6, ,81, ,41, ,66, ,56.7, ,2.9, ,70, ,75.3, 
147,9/14/2020,258,0.16,R,0, ,487, ,16, ,87.5, ,58.5, ,70.8, ,82, ,37, ,62, ,57.3, ,2.2, ,52.2, ,75.4, 
147,9/15/2020,259,0.2, ,0, ,515, ,14.4, ,93, ,58.7, ,74.1, ,81, ,24, ,50, ,54.2, ,3.4, ,82.1, ,75.8, 
147,9/16/2020,260,0.24, ,0, ,526, ,10,Y,97.3,Y,60.5, ,77.4, ,57, ,16, ,31,Y,44.5,Y,4.3, ,102.4, ,75.6, 
147,9/17/2020,261,0.26,R,0, ,533, ,7.3,R,100.2,Y,63, ,79.9,Y,39, ,8, ,--,R,--,I,4.5, ,107.3, ,75.2, 
147,9/18/2020,262,0.23, ,0, ,520, ,11,Y,97.8,Y,61.5, ,77.5, ,69, ,12, ,34,Y,47.1,Y,3.5, ,83, ,75.1, 
147,9/19/2020,263,0.2, ,0, ,529, ,15, ,88.4, ,61.6, ,73.1, ,86, ,32, ,54, ,55.4, ,3.6, ,85.6, ,75.4, 
147,9/20/2020,264,0.17, ,0, ,506, ,17.1, ,79.7, ,60.7, ,68.5, ,88, ,53, ,72, ,59.1, ,3.1, ,74.5, ,75.8, 
147,9/21/2020,265,0.16, ,0, ,481, ,16.6, ,80.3, ,61.1, ,67.7, ,87, ,52, ,72, ,58.3, ,3.1, ,75.4, ,75.9, 
147,9/22/2020,266,0.18, ,0, ,515, ,16.1, ,85.7, ,60.4, ,69, ,86, ,37, ,67, ,57.4, ,3.2, ,75.7, ,75.5, 
147,9/23/2020,267,0.19, ,0, ,525, ,15.1, ,88.4, ,56.5, ,70.4, ,84, ,33, ,60, ,55.7, ,3.3, ,79.7, ,75, 
147,9/24/2020,268,0.19, ,0, ,520, ,15.1, ,86.9, ,58.5, ,70.7, ,86, ,31, ,59, ,55.6, ,3.3, ,79.1, ,74.9, 
147,9/25/2020,269,0.16, ,0, ,511, ,16.1, ,76.4, ,57.6, ,66.3, ,87, ,55, ,73, ,57.3, ,3.7, ,89.1, ,75.3, 
147,9/26/2020,270,0.15, ,0, ,486, ,15.9, ,78.7, ,58, ,65.8, ,87, ,53, ,74, ,57.1, ,3.5, ,82.8, ,75.4, 
147,9/27/2020,271,0.15, ,0, ,478, ,16, ,75.9, ,59.5, ,66.2, ,86, ,57, ,73, ,57.3, ,3.6, ,86.4, ,75.6, 
147,9/28/2020,272,0.17, ,0, ,507, ,16.7, ,85, ,58.2, ,69.8, ,85, ,45, ,67, ,58.4, ,3.2, ,77.6, ,75.5, 
147,9/29/2020,273,0.19, ,0.01, ,504, ,15.4, ,96.7,Y,58.7, ,76.1, ,84, ,19, ,50, ,56.2, ,3.1, ,75.6, ,75.9, 
147,9/30/2020,274,0.23,R,0, ,500, ,10.5, ,102.2,Y,67.1, ,82.6,Y,51, ,13, ,28,Y,45.8,Y,4.2, ,100.7, ,76.4,Y
147,10/1/2020,275,0.23, ,0, ,484, ,9.4, ,97.3,Y,68.3,Y,80.9,Y,56, ,14, ,26,Y,43,Y,4.3, ,103.5, ,76.2, 
147,10/2/2020,276,0.21, ,0, ,486, ,10, ,96.7,Y,63, ,78.2,Y,59, ,14, ,30,Y,44.7,Y,3.4, ,80.5, ,75.9, 
147,10/3/2020,277,0.2, ,0, ,488, ,10.3, ,93.5, ,61.4, ,75.6, ,56, ,18, ,34, ,45.3, ,3.4, ,81, ,75.6, 
147,10/4/2020,278,0.21, ,0, ,464, ,8.9, ,94.8, ,60.2, ,76.1, ,49, ,14, ,29, ,41.5, ,4, ,95.7, ,75.2, 
147,10/5/2020,279,0.2, ,0, ,469, ,9.5, ,94.1, ,62.7, ,76.3, ,73, ,15, ,31, ,43.1, ,3.8, ,91.4, ,74.8, 
147,10/6/2020,280,0.15, ,0, ,382, ,11.4, ,88.8, ,60, ,72.5, ,82, ,20, ,42, ,48.1, ,3.1, ,74.7, ,74.2, 
147,10/7/2020,281,0.15, ,0, ,435, ,15.9, ,79.6, ,58, ,67.6, ,85, ,52, ,69, ,57.1, ,3.4, ,81, ,74.6, 
147,10/8/2020,282,0.15, ,0, ,438, ,14.5, ,74.3, ,61.1, ,66.9, ,78, ,50, ,64, ,54.5, ,3.3, ,79.8, ,75,Y
147,10/9/2020,283,0.13, ,0, ,399, ,15.1, ,75.9, ,60.3, ,66.6, ,76, ,51, ,68, ,55.6, ,3.7, ,88, ,74, 
147,10/10/2020,284,0.14, ,0, ,424, ,15, ,75, ,58.8, ,66.1, ,82, ,56, ,69, ,55.5, ,3.2, ,76.2, ,74.1, 
147,10/11/2020,285,0.14, ,0, ,440, ,15.7, ,78.5, ,58.5, ,67.4, ,82, ,50, ,69, ,56.7, ,3.5, ,84.3, ,73.9, 
147,10/12/2020,286,0.17, ,0, ,437, ,13.8, ,95.9,Y,58.5, ,73.5, ,83, ,19, ,49, ,53.2, ,3.7, ,88.1, ,73.9, 
147,10/13/2020,287,0.21, ,0.02, ,458, ,9.2, ,99.5,Y,63.1, ,78.4,Y,50, ,12, ,28,Y,42.5,Y,4.7, ,113.1, ,73.9, 
147,10/14/2020,288,0.18, ,0, ,450, ,10.2, ,90.1, ,61.6, ,74.9, ,46, ,19, ,34, ,44.9, ,4, ,96.2, ,73.7, 
147,10/15/2020,289,0.17, ,0, ,440, ,12.4, ,92.4, ,62.7, ,74.1, ,84, ,17, ,43, ,50.2, ,3.5, ,83.4, ,73.7, 
147,10/16/2020,290,0.16, ,0, ,414, ,11.8, ,94.9, ,59.2, ,73.9, ,66, ,21, ,42, ,49, ,3.3, ,80.3, ,73.8,Y
147,10/17/2020,291,0.15, ,0, ,426, ,13, ,83.9, ,58.5, ,69.6, ,77, ,26, ,53, ,51.6, ,3.4, ,82.2, ,73.5,Y
147,10/18/2020,292,0.15, ,0, ,430, ,14.1, ,85.2, ,58, ,69.3, ,85, ,29, ,58, ,53.7, ,3.5, ,84, ,73.3,Y
147,10/19/2020,293,0.12, ,0, ,414, ,16.1, ,79.5, ,58.5, ,65.7, ,87, ,49, ,74, ,57.3, ,3.1, ,74.6, ,73.8,Y
147,10/20/2020,294,0.12, ,0, ,390, ,15.5, ,75.5, ,58.6, ,64.6, ,87, ,55, ,75, ,56.3, ,3.2, ,76.4, ,73.5,Y
147,10/21/2020,295,0.12, ,0.19, ,390, ,14.7, ,73.7, ,59.5, ,64.8, ,82, ,56, ,70, ,54.9, ,3.8, ,90.6, ,73.5,Y
147,10/22/2020,296,0.12, ,0.01, ,374, ,14, ,72.2, ,63.3, ,66, ,72, ,53, ,64, ,53.5, ,3.4, ,81.9, ,73.3,Y
147,10/23/2020,297,0.1, ,0, ,313, ,13.8, ,73.3, ,62.3, ,65.7, ,71, ,53, ,64, ,53.1, ,3.1, ,73.7, ,72.9,Y
147,10/24/2020,298,0.06, ,0, ,194, ,14.4, ,69.5, ,63.5, ,65.7, ,72, ,61, ,67, ,54.4, ,2.9, ,68.7, ,72.8,Y
147,10/25/2020,299,0.07, ,0, ,209, ,12.8, ,69, ,57.2, ,63.2, ,81, ,48, ,65, ,51.1, ,4, ,95.4, ,72.2,Y
147,10/26/2020,300,0.13, ,0, ,360, ,7.8, ,73.9, ,45.7, ,59.5, ,83, ,7, ,45, ,38.3, ,4, ,96, ,71.1, 
147,10/27/2020,301,0.15, ,0, ,413, ,4.8,Y,74.5, ,43.1,Y,58.6, ,50, ,13, ,29,Y,26.2,Y,4.5, ,107.7, ,69, 
147,10/28/2020,302,0.15, ,0, ,398, ,6.4, ,76.6, ,49.6, ,61, ,66, ,15, ,35, ,33.1, ,4.5, ,108.5, ,68.3, 
147,10/29/2020,303,0.14, ,0, ,398, ,8.4, ,79.5, ,49.6, ,62.7, ,72, ,20, ,43, ,40.1, ,4.4, ,104.7, ,68.1, 
147,10/30/2020,304,0.14, ,0.24, ,400, ,8.4, ,82.7, ,51, ,63.7, ,68, ,18, ,42, ,40, ,3.8, ,91.9, ,68.1, 
147,10/31/2020,305,0.14, ,0.04,H,370, ,8.1, ,81.6, ,50, ,64.7, ,60, ,20, ,39, ,39.2, ,4.2, ,99.8, ,67.9, 
147,11/1/2020,306,0.15, ,0.59, ,374, ,8.5, ,85.9, ,55.3, ,67.7, ,66, ,17, ,37, ,40.3, ,3.9, ,92.8, ,68, 
147,11/2/2020,307,0.13, ,0.04, ,384, ,11.1, ,77.1, ,53.2, ,63.6, ,84, ,29, ,55, ,47.3, ,3.3, ,78.9, ,68.2, 
147,11/3/2020,308,0.11, ,0.02, ,364, ,13.2, ,76, ,52.4, ,62, ,85, ,49, ,70, ,52, ,2.7, ,65.6, ,68.4, 
147,11/4/2020,309,0.11,R,0.75, ,385, ,12.8, ,84.5, ,51.9, ,64.9, ,84, ,36, ,61, ,51.2, ,2.5, ,59.4, ,68.3, 
147,11/5/2020,310,0.14, ,0.43, ,274, ,8.9, ,94.3,Y,56.9, ,72.1,Y,65, ,12, ,33,Y,41.5,Y,4.4, ,105.7, ,68, 
147,11/6/2020,311,0.11, ,1.05, ,289, ,12, ,77.5, ,55.9, ,63.8, ,82, ,39, ,59, ,49.4, ,6,Y,143.5,Y,67.9, 
147,11/7/2020,312,0.08, ,3.4, ,271, ,9.9, ,61.9, ,50.3, ,55.4, ,79, ,55, ,66, ,44.4, ,4.7, ,113.9, ,67.1, 
147,11/8/2020,313,0.06, ,0.31, ,215, ,10, ,62.2, ,50.3, ,53.5, ,82, ,45, ,71, ,44.5, ,4.7, ,112.9, ,65.6, 
147,11/9/2020,314,0.09, ,0.43, ,332, ,7.8, ,62.7, ,45.1, ,52.4, ,79, ,37, ,58, ,38, ,4.2, ,100, ,64.8, 
147,11/10/2020,315,0.11, ,0, ,374, ,6.8, ,66.2, ,42.1, ,53.2, ,76, ,26, ,49, ,34.6, ,4.7, ,112, ,64, 
147,11/11/2020,316,0.11, ,0, ,367, ,7.3, ,69.3, ,44.1, ,54.5, ,72, ,24, ,51, ,36.5, ,4.4, ,106.7, ,63.2, 
147,11/12/2020,317,0.11, ,0.24, ,361, ,7.8, ,70.7, ,45.2, ,55.4, ,78, ,28, ,52, ,38, ,4, ,95.4, ,62.7, 
147,11/13/2020,318,0.1, ,0, ,358, ,9.1, ,68.3, ,43.7, ,54.7, ,83, ,33, ,63, ,42.2, ,4, ,95.2, ,62.5, 
147,11/14/2020,319,0.1, ,0, ,352, ,10.6, ,69.1, ,47.4, ,57.2, ,83, ,46, ,66, ,46.1, ,4.2, ,101.7, ,62.8, 
147,11/15/2020,320,0.14, ,0, ,363, ,5.9, ,84.9, ,51.9, ,65.9, ,55, ,13, ,27, ,31.3, ,4.9, ,117.3, ,63, 
147,11/16/2020,321,0.15, ,0, ,358, ,5.8, ,92.5,Y,55, ,68.3, ,39, ,9, ,24, ,30.6, ,4.9, ,118.2, ,63.3, 
147,11/17/2020,322,0.13, ,0, ,341, ,6.4, ,84.5, ,52, ,64.9, ,58, ,13, ,31, ,33.2, ,3.7, ,88.1, ,63.4, 
147,11/18/2020,323,0.09, ,0, ,313, ,10.2, ,70.1, ,47.3, ,56.3, ,83, ,46, ,66, ,45, ,3.3, ,78.4, ,63, 
147,11/19/2020,324,0.09,R,0, ,337, ,11, ,71.9, ,46.2, ,56.9, ,84, ,43, ,69, ,47, ,3.3, ,79.6, ,63, 
147,11/20/2020,325,0.09, ,0, ,328, ,11.1, ,77.1, ,49.3, ,59.3, ,83, ,35, ,64, ,47.2, ,3.4, ,80.6, ,63.1, 
147,11/21/2020,326,0.08,R,0, ,296, ,10.8, ,75.5, ,50.6, ,60.2, ,79, ,39, ,61, ,46.6, ,3, ,71, ,63.4, 
147,11/22/2020,327,0.08, ,0, ,278, ,10.7, ,72.6, ,49.3, ,58, ,84, ,39, ,65, ,46.2, ,3, ,71.6, ,63.3, 
147,11/23/2020,328,0.08, ,0, ,297, ,11, ,65.7, ,47, ,55.8, ,86, ,55, ,72, ,47.1, ,4.5, ,107.4, ,63.2, 
147,11/24/2020,329,0.08, ,0, ,319, ,10.2, ,66.4, ,46.9, ,54.9, ,84, ,49, ,69, ,45, ,3.9, ,94.2, ,63, 
147,11/25/2020,330,0.08, ,0, ,320, ,10, ,66.2, ,43.7, ,53.5, ,85, ,45, ,71, ,44.5, ,3.8, ,91.3, ,62.2, 
147,11/26/2020,331,0.08, ,0.02, ,313, ,10.1, ,64.8, ,45, ,53.5, ,86, ,53, ,72, ,44.7, ,3.8, ,91.7, ,62.2, 
147,11/27/2020,332,0.1, ,0, ,342, ,3.9, ,69.6, ,39.3, ,53.4, ,57, ,10, ,28, ,21.2, ,3.9, ,94.3, ,61, 
147,11/28/2020,333,0.11, ,0, ,338, ,4.4, ,74.9, ,41, ,55.7, ,48, ,13, ,29, ,23.9, ,4, ,96.7, ,59.7, 
147,11/29/2020,334,0.12, ,0, ,339, ,4.3, ,76.8, ,45, ,57, ,42, ,12, ,27, ,23.2, ,5.1, ,122.5, ,59, 
147,11/30/2020,335,0.12, ,0, ,321, ,4.6, ,78.4, ,47.1, ,59.7, ,45, ,11, ,26, ,25.1, ,4.5, ,107.8, ,59, 
147,12/1/2020,336,0.12, ,0, ,327, ,4.8, ,76.9, ,45, ,58.8, ,43, ,13, ,29, ,26.3, ,4.3, ,104.3, ,59, 
147,12/2/2020,337,0.14, ,0, ,322, ,3.6, ,80.7, ,47.5, ,64.2, ,34, ,10, ,18, ,19.2, ,5.2, ,125.6, ,58.9, 
147,12/3/2020,338,0.14, ,0, ,331, ,2.9, ,72.5, ,44.1, ,60, ,31, ,11, ,16, ,13.9, ,6.2,Y,148.7,Y,58.4, 
147,12/4/2020,339,0.11, ,0, ,139, ,4.2, ,73.2, ,45.5, ,57, ,36, ,9, ,26, ,22.7, ,4.8, ,114.8, ,57.6, 
147,12/5/2020,340,0.1, ,0, ,321, ,4.4, ,71.5, ,43.1, ,55.3, ,54, ,13, ,29, ,24, ,4.7, ,112.5, ,56.7, 
147,12/6/2020,341,0.1, ,0, ,333,R,5.5, ,75.1, ,43.2, ,56.2, ,62, ,14, ,36, ,29.6, ,4.6, ,110.8, ,56.6, 
147,12/7/2020,342,0.06, ,0, ,143, ,5.9, ,73.5, ,44.4, ,59.3,H,55,H,13,H,34, ,31.2, ,3.9, ,93, ,56.7, 
147,12/8/2020,343,0.12,R,0, ,188, ,4.7, ,78.4, ,50.6, ,69.6,R,50,H,12,H,--,R,--,I,7.9,R,188.4,R,57.5, 
147,12/9/2020,344,0.09, ,0, ,262, ,7.4, ,73.6, ,45.8, ,56.4, ,76, ,18, ,48, ,36.8, ,5.1, ,122.7, ,57.3, 
147,12/10/2020,345,0.06, ,0, ,252, ,10.2, ,64.9, ,43.5, ,53.7, ,81, ,57, ,72, ,45.1, ,4.3, ,103.5, ,57.1, 
147,12/11/2020,346,0.07, ,0, ,305, ,10.2, ,62.3, ,42.4, ,52.1, ,91, ,55, ,77, ,45, ,3.7, ,88.9, ,57.8, 
147,12/12/2020,347,0.04, ,0, ,203, ,10.9, ,62.5, ,43.6, ,52.1, ,92, ,66, ,82, ,46.7, ,3.5, ,84.9, ,57.6, 
147,12/13/2020,348,0.08, ,0, ,321, ,7.8, ,69.5, ,41.8, ,53.8, ,91, ,23, ,55, ,38, ,3.3, ,78, ,57.3, 
147,12/14/2020,349,0.06, ,0.03, ,220, ,10, ,62.3, ,43.9, ,51.5, ,93, ,63, ,77, ,44.6, ,3.8, ,90, ,57.1, 
147,12/15/2020,350,0.09, ,0, ,319, ,7.2, ,67.7, ,43.2, ,52.7, ,92, ,28, ,53, ,36, ,5, ,118.8, ,57, 
147,12/16/2020,351,0.1, ,0, ,321, ,4.4, ,72.1, ,42.5, ,54.2, ,47, ,13, ,31, ,23.9, ,4.9, ,116.4, ,56, 
147,12/17/2020,352,0.06, ,0.04, ,203, ,8.8, ,63.5, ,41.8, ,52.6, ,95, ,37, ,65, ,41.2, ,3.9, ,94.4, ,55.7, 
147,12/18/2020,353,0.08, ,0, ,316, ,9.5, ,67.5, ,42.8, ,53.3, ,94, ,43, ,68, ,43.1, ,4.4, ,106.5, ,56.4, 
147,12/19/2020,354,0.1, ,0, ,326,R,5.3, ,73.5, ,42.1, ,55.5, ,55, ,17, ,35, ,28.5, ,4.8, ,115.3, ,56.1, 
147,12/20/2020,355,0.12, ,0, ,331,R,4.4, ,80.3, ,43.6, ,60.2, ,42, ,12, ,25, ,24.3, ,5.5, ,132.1, ,55.7, 
147,12/21/2020,356,0.12, ,0, ,326,R,4.9, ,81.8, ,47.6, ,61.1, ,42, ,14, ,27, ,26.6, ,4.9, ,117, ,56, 
147,12/22/2020,357,0.08, ,0, ,296, ,8.6, ,68.3, ,44.1, ,55, ,95, ,26, ,58, ,40.6, ,3.5, ,83.9, ,56.2, 
147,12/23/2020,358,0.1, ,0, ,226, ,6.5, ,73.5, ,38.9, ,56.9, ,98, ,7, ,41, ,33.4, ,4.6, ,111.6, ,56.4, 
147,12/24/2020,359,0.12, ,0.01, ,80, ,3.4, ,68.2, ,56.8,Y,63.6,Y,33, ,8, ,17,Y,18.2,Y,7.4,Y,176.7,Y,55.9, 
147,12/25/2020,360,0.1, ,0, ,317, ,5.1, ,74, ,46.4, ,58.5, ,53, ,17, ,31, ,27.6, ,3.3, ,79.6, ,55.7, 
147,12/26/2020,361,0.08, ,0, ,313, ,9.5, ,68.6, ,42.5, ,54.6, ,96, ,36, ,65, ,43.2, ,3.5, ,84.7, ,55.9, 
147,12/27/2020,362,0.04, ,0, ,180, ,11.1, ,62.9, ,44.8, ,52.7, ,98, ,60, ,82, ,47.3, ,3.4, ,81.8, ,56.6, 
147,12/28/2020,363,0.04, ,0.75, ,176, ,11, ,58.9, ,48.2, ,51.8, ,95, ,66, ,84, ,47, ,4.9, ,117.3, ,56.5, 
147,12/29/2020,364,0.06, ,0.01, ,270, ,10.3, ,62.2, ,41.8, ,51.7, ,96, ,55, ,79, ,45.3, ,3, ,72.6, ,56.2, 
147,12/30/2020,365,0.08, ,0, ,329, ,6.8, ,66.2, ,37.1, ,50.1, ,86, ,21, ,55, ,34.6, ,4.3, ,104, ,55.6, 
147,12/31/2020,366,0.07, ,0, ,267, ,8.9, ,61.5, ,38.7, ,49.9, ,87, ,53, ,73, ,41.6, ,4.5, ,107.1, ,55.2, 
